-- MariaDB dump 10.19  Distrib 10.4.21-MariaDB, for Win64 (AMD64)
--
-- Host: localhost    Database: recipes
-- ------------------------------------------------------
-- Server version	10.4.21-MariaDB

/*!40101 SET @OLD_CHARACTER_SET_CLIENT=@@CHARACTER_SET_CLIENT */;
/*!40101 SET @OLD_CHARACTER_SET_RESULTS=@@CHARACTER_SET_RESULTS */;
/*!40101 SET @OLD_COLLATION_CONNECTION=@@COLLATION_CONNECTION */;
/*!40101 SET NAMES utf8mb4 */;
/*!40103 SET @OLD_TIME_ZONE=@@TIME_ZONE */;
/*!40103 SET TIME_ZONE='+00:00' */;
/*!40014 SET @OLD_UNIQUE_CHECKS=@@UNIQUE_CHECKS, UNIQUE_CHECKS=0 */;
/*!40014 SET @OLD_FOREIGN_KEY_CHECKS=@@FOREIGN_KEY_CHECKS, FOREIGN_KEY_CHECKS=0 */;
/*!40101 SET @OLD_SQL_MODE=@@SQL_MODE, SQL_MODE='NO_AUTO_VALUE_ON_ZERO' */;
/*!40111 SET @OLD_SQL_NOTES=@@SQL_NOTES, SQL_NOTES=0 */;

--
-- Database structure
--

drop database if exists recipes;
create database if not exists recipes;
use recipes;

--
-- Table structure for table `tbl_categories`
--

DROP TABLE IF EXISTS `tbl_categories`;
/*!40101 SET @saved_cs_client     = @@character_set_client */;
/*!40101 SET character_set_client = utf8 */;
CREATE TABLE `tbl_categories` (
  `cat_id` int(11) NOT NULL AUTO_INCREMENT,
  `cat_name` varchar(45) NOT NULL,
  PRIMARY KEY (`cat_id`),
  UNIQUE KEY `cat_name` (`cat_name`)
) ENGINE=InnoDB AUTO_INCREMENT=16 DEFAULT CHARSET=utf8mb4;
/*!40101 SET character_set_client = @saved_cs_client */;

--
-- Dumping data for table `tbl_categories`
--

LOCK TABLES `tbl_categories` WRITE;
/*!40000 ALTER TABLE `tbl_categories` DISABLE KEYS */;
INSERT INTO `tbl_categories` VALUES (5,'Beer'),(1,'Cocktail'),(2,'Cocoa'),(7,'Coffee / Tea'),(3,'Homemade Liqueur'),(11,'Ordinary Drink'),(6,'Other/Unknown'),(10,'Punch / Party Drink'),(4,'Shake'),(9,'Shot'),(8,'Soft Drink');
/*!40000 ALTER TABLE `tbl_categories` ENABLE KEYS */;
UNLOCK TABLES;

--
-- Table structure for table `tbl_favourites`
--

DROP TABLE IF EXISTS `tbl_favourites`;
/*!40101 SET @saved_cs_client     = @@character_set_client */;
/*!40101 SET character_set_client = utf8 */;
CREATE TABLE `tbl_favourites` (
  `id` int(11) NOT NULL AUTO_INCREMENT,
  `usr_id` int(11) NOT NULL,
  `rec_id` int(11) NOT NULL,
  PRIMARY KEY (`id`),
  UNIQUE KEY `uq_favorites` (`usr_id`,`rec_id`),
  KEY `fk_fav_rec` (`rec_id`),
  CONSTRAINT `fk_fav_rec` FOREIGN KEY (`rec_id`) REFERENCES `tbl_recipes` (`rec_id`) ON DELETE CASCADE,
  CONSTRAINT `fk_fav_usr` FOREIGN KEY (`usr_id`) REFERENCES `tbl_users` (`usr_id`) ON DELETE CASCADE
) ENGINE=InnoDB AUTO_INCREMENT=4 DEFAULT CHARSET=utf8mb4;
/*!40101 SET character_set_client = @saved_cs_client */;

--
-- Dumping data for table `tbl_favourites`
--

LOCK TABLES `tbl_favourites` WRITE;
/*!40000 ALTER TABLE `tbl_favourites` DISABLE KEYS */;
INSERT INTO `tbl_favourites` VALUES (3,2,142),(1,2,233),(2,2,405);
/*!40000 ALTER TABLE `tbl_favourites` ENABLE KEYS */;
UNLOCK TABLES;

--
-- Table structure for table `tbl_ingredients`
--

DROP TABLE IF EXISTS `tbl_ingredients`;
/*!40101 SET @saved_cs_client     = @@character_set_client */;
/*!40101 SET character_set_client = utf8 */;
CREATE TABLE `tbl_ingredients` (
  `ing_id` int(11) NOT NULL AUTO_INCREMENT,
  `ing_name` varchar(45) NOT NULL,
  PRIMARY KEY (`ing_id`)
) ENGINE=InnoDB AUTO_INCREMENT=512 DEFAULT CHARSET=utf8mb4;
/*!40101 SET character_set_client = @saved_cs_client */;

--
-- Dumping data for table `tbl_ingredients`
--

LOCK TABLES `tbl_ingredients` WRITE;
/*!40000 ALTER TABLE `tbl_ingredients` DISABLE KEYS */;
INSERT INTO `tbl_ingredients` VALUES (1,'Gin'),(2,'Strawberry schnapps'),(3,'Pisang Ambon'),(4,'Peach nectar'),(5,'Applejack'),(6,'maraschino liqueur'),(7,'lemon juice'),(8,'Creme de Mure'),(9,'Rye Whiskey'),(10,'Hot Chocolate'),(11,'Wormwood'),(12,'Banana liqueur'),(13,'Mountain Dew'),(14,'Worcestershire sauce'),(15,'Falernum'),(16,'Añejo rum'),(17,'blackstrap rum'),(18,'Caramel coloring'),(19,'White rum'),(20,'Peppermint extract'),(21,'Food coloring'),(22,'gin'),(23,'Lager'),(24,'Cider'),(25,'Blackcurrant cordial'),(26,'Olive Brine'),(27,'Cherry Heering'),(28,'demerara Sugar'),(29,'Pineapple Syrup'),(30,'St. Germain'),(31,'Lavender'),(32,'Dubonnet Rouge'),(33,'Vanilla'),(34,'Egg yolk'),(35,'Vanilla syrup'),(36,'Cachaca'),(37,'Mezcal'),(38,'Chocolate liqueur'),(39,'Rose'),(40,'Figs'),(41,'Thyme'),(42,'Apricot Nectar'),(43,'Pomegranate juice'),(44,'Raspberry Liqueur'),(45,'pineapple juice'),(46,'Lillet'),(47,'Fruit juice'),(48,'Firewater'),(49,'Absolut Peppar'),(50,'Dr. Pepper'),(51,'Sarsaparilla'),(52,'Peach Vodka'),(53,'Sirup of roses'),(54,'Whisky'),(55,'Hot Damn'),(56,'Maraschino Cherry'),(57,'Carbonated soft drink'),(58,'Sherbet'),(59,'Corn syrup'),(60,'Cherry Juice'),(61,'Red Chili Flakes'),(62,'Butter'),(63,'Marshmallows'),(64,'Iced tea'),(65,'Coconut syrup'),(66,'Peach brandy'),(67,'Irish whiskey'),(68,'Guinness stout'),(69,'Aperol'),(70,'Jello'),(71,'Chocolate syrup'),(72,'Mint syrup'),(73,'Yellow Chartreuse'),(74,'Apple brandy'),(75,'Tennessee whiskey'),(76,'Grain alcohol'),(77,'Absolut Kurant'),(78,'Kiwi liqueur'),(79,'Bitter lemon'),(80,'Sloe gin'),(81,'Cranberry vodka'),(82,'Apfelkorn'),(83,'Kiwi'),(84,'Papaya'),(85,'Absolut Vodka'),(86,'Asafoetida'),(87,'Cayenne pepper'),(88,'Tia maria'),(89,'Corona'),(90,'Bacardi Limon'),(91,'Fresh Lemon Juice'),(92,'Cumin seed'),(93,'Hot Sauce'),(94,'Worcestershire Sauce'),(95,'Soy Sauce'),(96,'Pina colada mix'),(97,'Daiquiri mix'),(98,'Absinthe'),(99,'Black pepper'),(100,'Ginger Beer'),(101,'Cucumber'),(102,'Mango'),(103,'Heavy cream'),(104,'Absolut Citron'),(105,'Cocoa powder'),(106,'Rye whiskey'),(107,'Angostura bitters'),(108,'Vanilla ice-cream'),(109,'Oreo cookie'),(110,'Spiced rum'),(111,'Sour mix'),(112,'Bailey'),(113,'Butterscotch schnapps'),(114,'Jagermeister'),(115,'Goldschlager'),(116,'Chocolate'),(117,'Espresso'),(118,'Whiskey'),(119,'Grape Soda'),(120,'Apricot Brandy'),(121,'Orange Curacao'),(122,'Coconut Liqueur'),(123,'Blackberries'),(124,'Pisco'),(125,'Egg Yolk'),(126,'Blended Scotch'),(127,'Honey syrup'),(128,'Ginger Syrup'),(129,'Islay single malt Scotch'),(130,'Coconut milk'),(131,'Everclear'),(132,'Passion fruit syrup'),(133,'Peach Bitters'),(134,'Cherry liqueur'),(135,'Creme de Cacao'),(136,'Orgeat syrup'),(137,'Fresh Lime Juice'),(138,'Passoa'),(139,'Green Creme de Menthe'),(140,'Port'),(141,'Pink lemonade'),(142,'Passion fruit juice'),(143,'Pineapple'),(144,'Coffee brandy'),(145,'Lime vodka'),(146,'Black Sambuca'),(147,'Benedictine'),(148,'Fruit punch'),(149,'Drambuie'),(150,'Blackberry brandy'),(151,'Frangelico'),(152,'Crown Royal'),(153,'Sugar syrup'),(154,'Blue Curacao'),(155,'Rosemary'),(156,'Egg White'),(157,'Raspberry syrup'),(158,'Raspberry vodka'),(159,'Lime peel'),(160,'Peach schnapps'),(161,'Pepsi Cola'),(162,'Ricard'),(163,'Peychaud bitters'),(164,'Bourbon'),(165,'Lemon peel'),(166,'Cognac'),(167,'Cloves'),(168,'Cinnamon'),(169,'Amaro Montenegro'),(170,'Ruby Port'),(171,'Blood Orange'),(172,'Orange Peel'),(173,'Advocaat'),(174,'Jim Beam'),(175,'Allspice'),(176,'Champagne'),(177,'Orange spiral'),(178,'Cranberry juice'),(179,'Grapefruit juice'),(180,'Godiva liqueur'),(181,'Anisette'),(182,'Sherry'),(183,'Egg'),(184,'Milk'),(185,'Banana'),(186,'Honey'),(187,'Fresca'),(188,'Creme de Banane'),(189,'Malibu rum'),(190,'Cherries'),(191,'Brown sugar'),(192,'Vanilla extract'),(193,'Dark Rum'),(194,'Creme De Banane'),(195,'Pineapple Juice'),(196,'Wild Turkey'),(197,'Club soda'),(198,'Maraschino cherry'),(199,'Tomato juice'),(200,'Celery salt'),(201,'Coriander'),(202,'Whipping cream'),(203,'Kahlua'),(204,'Irish cream'),(205,'Ginger ale'),(206,'Grand Marnier'),(207,'Jack Daniels'),(208,'Whipped cream'),(209,'Bitters'),(210,'Orange peel'),(211,'Tea'),(212,'Water'),(213,'Condensed milk'),(214,'Green Chartreuse'),(215,'Maraschino Liqueur'),(216,'Elderflower cordial'),(217,'Rosso Vermouth'),(218,'Ginger'),(219,'Mint'),(220,'Maraschino liqueur'),(221,'Anis'),(222,'7-up'),(223,'Melon Liqueur'),(224,'Orange Bitters'),(225,'Prosecco'),(226,'Coffee'),(227,'Sugar'),(228,'Cream'),(229,'Cardamom'),(230,'Tabasco sauce'),(231,'Irish Whiskey'),(232,'Cranberry Juice'),(233,'Yukon Jack'),(234,'Southern Comfort'),(235,'Sweet and sour'),(236,'Brandy'),(237,'Lillet Blanc'),(238,'Sweet Vermouth'),(239,'Egg white'),(240,'Dark rum'),(241,'Cherry brandy'),(242,'Tomato Juice'),(243,'Sugar Syrup'),(244,'Light rum'),(245,'Maple syrup'),(246,'Half-and-half'),(247,'Limeade'),(248,'Nutmeg'),(249,'Sprite'),(250,'Tonic Water'),(251,'Lemon Peel'),(252,'Olive'),(253,'Schweppes Russchian'),(254,'Dry Vermouth'),(255,'Carbonated water'),(256,'Grape juice'),(257,'Tonic water'),(258,'Apricot brandy'),(259,'Orange bitters'),(260,'Scotch'),(261,'Wine'),(262,'Orange juice'),(263,'Orange'),(264,'Lemon Juice'),(265,'Red wine'),(266,'Lemon-lime soda'),(267,'Campari'),(268,'Orange Juice'),(269,'Rosemary Syrup'),(270,'Salt'),(271,'Blended whiskey'),(272,'Powdered sugar'),(273,'Cherry'),(274,'Coffee liqueur'),(275,'Light cream'),(276,'Grapefruit Juice'),(277,'Agave Syrup'),(278,'Pepper'),(279,'Tequila'),(280,'Cream of coconut'),(281,'Lime juice'),(282,'Lime'),(283,'lemon'),(284,'White Wine'),(285,'Strawberries'),(286,'Apple'),(287,'Apple Brandy'),(288,'Soda Water'),(289,'Triple sec'),(290,'Gin'),(291,'Pineapple juice'),(292,'White Rum'),(293,'Galliano'),(294,'Triple Sec'),(295,'Yoghurt'),(296,'Fruit'),(297,'Baileys irish cream'),(298,'White Creme de Menthe'),(299,'Peachtree schnapps'),(300,'Surge'),(301,'Beer'),(302,'Lemonade'),(303,'Coca-Cola'),(304,'7-Up'),(305,'Creme de Cassis'),(306,'Gold rum'),(307,'151 proof rum'),(308,'Pernod'),(309,'Grenadine'),(310,'Lime Juice'),(311,'Angostura Bitters'),(312,'Sambuca'),(313,'Ouzo'),(314,'Jägermeister'),(315,'Root beer'),(316,'Vodka'),(317,'Soda water'),(318,'Chambord raspberry liqueur'),(319,'Cointreau'),(320,'Lemon juice'),(321,'Ice'),(322,'Lemon'),(323,'Amaretto'),(324,'Rum'),(325,'Kool-Aid'),(326,'Midori melon liqueur'),(327,'Zima'),(328,'Vermouth'),(329,'Apple juice');
/*!40000 ALTER TABLE `tbl_ingredients` ENABLE KEYS */;
UNLOCK TABLES;

--
-- Table structure for table `tbl_inventory`
--

DROP TABLE IF EXISTS `tbl_inventory`;
/*!40101 SET @saved_cs_client     = @@character_set_client */;
/*!40101 SET character_set_client = utf8 */;
CREATE TABLE `tbl_inventory` (
  `id` int(11) NOT NULL AUTO_INCREMENT,
  `usr_id` int(11) NOT NULL,
  `ing_id` int(11) NOT NULL,
  PRIMARY KEY (`id`),
  UNIQUE KEY `uq_inventory` (`usr_id`,`ing_id`),
  KEY `fk_inv_ing` (`ing_id`),
  CONSTRAINT `fk_inv_ing` FOREIGN KEY (`ing_id`) REFERENCES `tbl_ingredients` (`ing_id`) ON DELETE CASCADE,
  CONSTRAINT `fk_inv_usr` FOREIGN KEY (`usr_id`) REFERENCES `tbl_users` (`usr_id`) ON DELETE CASCADE
) ENGINE=InnoDB DEFAULT CHARSET=utf8mb4;
/*!40101 SET character_set_client = @saved_cs_client */;

--
-- Dumping data for table `tbl_inventory`
--

LOCK TABLES `tbl_inventory` WRITE;
/*!40000 ALTER TABLE `tbl_inventory` DISABLE KEYS */;
/*!40000 ALTER TABLE `tbl_inventory` ENABLE KEYS */;
UNLOCK TABLES;

--
-- Table structure for table `tbl_recipes`
--

DROP TABLE IF EXISTS `tbl_recipes`;
/*!40101 SET @saved_cs_client     = @@character_set_client */;
/*!40101 SET character_set_client = utf8 */;
CREATE TABLE `tbl_recipes` (
  `rec_id` int(11) NOT NULL AUTO_INCREMENT,
  `rec_name` varchar(45) NOT NULL,
  `rec_image` varchar(100) DEFAULT NULL,
  `rec_instructions` varchar(2600) DEFAULT NULL,
  PRIMARY KEY (`rec_id`),
  UNIQUE KEY `rec_name` (`rec_name`)
) ENGINE=InnoDB AUTO_INCREMENT=512 DEFAULT CHARSET=utf8mb4;
/*!40101 SET character_set_client = @saved_cs_client */;

--
-- Dumping data for table `tbl_recipes`
--

LOCK TABLES `tbl_recipes` WRITE;
/*!40000 ALTER TABLE `tbl_recipes` DISABLE KEYS */;
INSERT INTO `tbl_recipes` VALUES (1,'A1','https://www.thecocktaildb.com/images/media/drink/2x8thr1504816928.jpg','Pour all ingredients into a cocktail shaker, mix and serve over ice into a chilled glass.'),(2,'ABC','https://www.thecocktaildb.com/images/media/drink/tqpvqp1472668328.jpg','Layered in a shot glass.'),(3,'Ace','https://www.thecocktaildb.com/images/media/drink/l3cd7f1504818306.jpg','Shake all the ingredients in a cocktail shaker and ice then strain in a cold glass.'),(4,'Adam','https://www.thecocktaildb.com/images/media/drink/v0at4i1582478473.jpg','In a shaker half-filled with ice cubes, combine all of the ingredients. Shake well. Strain into a cocktail glass.'),(5,'AT&T','https://www.thecocktaildb.com/images/media/drink/rhhwmp1493067619.jpg','Pour Vodka and Gin over ice, add Tonic and Stir'),(6,'ACID','https://www.thecocktaildb.com/images/media/drink/xuxpxt1479209317.jpg','Poor in the 151 first followed by the 101 served with a Coke or Dr Pepper chaser.'),(7,'A. J.','https://www.thecocktaildb.com/images/media/drink/l74qo91582480316.jpg','Shake ingredients with ice, strain into a cocktail glass, and serve.'),(8,'Affair','https://www.thecocktaildb.com/images/media/drink/h5za6y1582477994.jpg','Pour schnapps, orange juice, and cranberry juice over ice in a highball glass. Top with club soda and serve.'),(9,'Apello','https://www.thecocktaildb.com/images/media/drink/uptxtv1468876415.jpg','Stirr. Grnish with maraschino cherry.'),(10,'Avalon','https://www.thecocktaildb.com/images/media/drink/3k9qic1493068931.jpg','Fill a tall glass with ice. Layer the Finlandia Vodka, lemon and apple juices, Pisang Ambon, and top up with lemonade. Stir slightly and garnish with a spiralled cucumber skin and a red cherry. The cucumber provides zest and looks attractive. This drink, created by Timo Haimi, took first prize in the 1991 Finlandia Vodka Long Drink Competition.'),(11,'Abilene','https://www.thecocktaildb.com/images/media/drink/smb2oe1582479072.jpg','Pour all of the ingredients into a highball glass almost filled with ice cubes. Stir well.'),(12,'Almeria','https://www.thecocktaildb.com/images/media/drink/rwsyyu1483388181.jpg','In a shaker half-filled with ice cubes, combine all of the ingredients. Shake well. Strain into a cocktail glass.'),(13,'Addison','https://www.thecocktaildb.com/images/media/drink/yzva7x1504820300.jpg','Shake together all the ingredients and strain into a cold glass.'),(14,'Acapulco','https://www.thecocktaildb.com/images/media/drink/il9e0r1582478841.jpg','Combine and shake all ingredients (except mint) with ice and strain into an old-fashioned glass over ice cubes. Add the sprig of mint and serve.'),(15,'Affinity','https://www.thecocktaildb.com/images/media/drink/wzdtnn1582477684.jpg','In a mixing glass half-filled with ice cubes, combine all of the ingredients. Stir well. Strain into a cocktail glass.'),(16,'Applecar','https://www.thecocktaildb.com/images/media/drink/sbffau1504389764.jpg','Shake all ingredients with ice, strain into a cocktail glass, and serve.'),(17,'Aviation','https://www.thecocktaildb.com/images/media/drink/trbplb1606855233.jpg','Add all ingredients into cocktail shaker filled with ice. Shake well and strain into cocktail glass. Garnish with a cherry.'),(18,'Alexander','https://www.thecocktaildb.com/images/media/drink/0clus51606772388.jpg','Shake all ingredients with ice and strain contents into a cocktail glass. Sprinkle nutmeg on top and serve.'),(19,'Algonquin','https://www.thecocktaildb.com/images/media/drink/uwryxx1483387873.jpg','Combine and shake all ingredients with ice, strain contents into a cocktail glass, and serve.'),(20,'Allegheny','https://www.thecocktaildb.com/images/media/drink/uwvyts1483387934.jpg','Shake all ingredients (except lemon peel) with ice and strain into a cocktail glass. Top with the twist of lemon peel and serve.'),(21,'Artillery','https://www.thecocktaildb.com/images/media/drink/g1vnbe1493067747.jpg','Stir all ingredients with ice, strain into a cocktail glass, and serve.'),(22,'Afterglow','https://www.thecocktaildb.com/images/media/drink/vuquyv1468876052.jpg','Mix. Serve over ice.'),(23,'Autodafé','https://www.thecocktaildb.com/images/media/drink/7dkf0i1487602928.jpg','Mix and fill up with soda water. Drunk by finns on a sunny day any time of the year and day.'),(24,'Afternoon','https://www.thecocktaildb.com/images/media/drink/vyrurp1472667777.jpg','Build into a suiting glass, with no ice. Cream on top if wanted. Served directly.'),(25,'After sex','https://www.thecocktaildb.com/images/media/drink/xrl66i1493068702.jpg','Pour the vodka and creme over some ice cubes in a tall glass and fill up with juice. to make it beuty full make the top of the glass with a grenadine and sugar'),(26,'B-53','https://www.thecocktaildb.com/images/media/drink/rwqxrv1461866023.jpg','Layer the Kahlua, Sambucca and Grand Marnier into a shot glas in that order. Better than B-52'),(27,'B-52','https://www.thecocktaildb.com/images/media/drink/5a3vg61504372070.jpg','Layer ingredients into a shot glass. Serve with a stirrer.'),(28,'Bijou','https://www.thecocktaildb.com/images/media/drink/rysb3r1513706985.jpg','Stir in mixing glass with ice and strain\r\n'),(29,'Boxcar','https://www.thecocktaildb.com/images/media/drink/pwgtpa1504366376.jpg','In a shaker half-filled with ice cubes, combine all of the ingredients. Shake well. Strain into a sour glass.'),(30,'Big Red','https://www.thecocktaildb.com/images/media/drink/yqwuwu1441248116.jpg','Pour ingredients into 1 ounce shot glass'),(31,'Bellini','https://www.thecocktaildb.com/images/media/drink/eaag491504367543.jpg','Pour peach purée into chilled flute, add sparkling wine. Stir gently.'),(32,'Bramble','https://www.thecocktaildb.com/images/media/drink/twtbh51630406392.jpg','Fill glass with crushed ice. Build gin, lemon juice and simple syrup over. Stir, and then pour blackberry liqueur over in a circular fashion to create marbling effect. Garnish with two blackberries and lemon slice.'),(33,'Balmoral','https://www.thecocktaildb.com/images/media/drink/vysuyq1441206297.jpg','In a mixing glass half-filled with ice cubes, combine all of the ingredients. Stir well. Strain into a cocktail glass.'),(34,'Bluebird','https://www.thecocktaildb.com/images/media/drink/5jhyd01582579843.jpg','In a mixing glass half-filled with crushed ice, combine the gin, triple sec, Curacao, and bitters. Stir well. Strain into a cocktail glass and garnish with the lemon twist and the cherry.'),(35,'Brooklyn','https://www.thecocktaildb.com/images/media/drink/ojsezf1582477277.jpg','Combine ingredients with ice and stir until well-chilled. Strain into a chilled cocktail glass.'),(36,'Boomerang','https://www.thecocktaildb.com/images/media/drink/3m6yz81504389551.jpg','In a mixing glass half-filled with ice cubes, combine the gin, vermouth, bitters, and maraschino liqueur. Stir well. Strain into a cocktail glass and garnish with the cherry.'),(37,'Bora Bora','https://www.thecocktaildb.com/images/media/drink/xwuqvw1473201811.jpg','Prepare in a blender or shaker, serve in a highball glass on the rocks. Garnish with 1 slice of pineapple and one cherry.'),(38,'Barracuda','https://www.thecocktaildb.com/images/media/drink/jwmr1x1504372337.jpg','Shake pour ingredients with ice. Strain into glass, top with Sparkling wine.'),(39,'Buccaneer','https://www.thecocktaildb.com/images/media/drink/upvtyt1441249023.jpg','Pour the corona into an 18oz beer glass pour the bacardi limon into the beer stir very gently'),(40,'Brigadier','https://www.thecocktaildb.com/images/media/drink/nl89tf1518947401.jpg','Mix ingredients in a warmed mug and stir.'),(41,'Broadside','https://www.thecocktaildb.com/images/media/drink/l2o6xu1582476870.jpg','Half fill the glass with ice cubes. Crush the wormwood and add to ice. Pour rum, scotch and butters, then serve!'),(42,'Blackthorn','https://www.thecocktaildb.com/images/media/drink/dgj92f1616098672.jpg','Stir sloe gin and vermouth with ice and strain into a cocktail glass. Add the twist of lemon peel and serve.'),(43,'Bob Marley','https://www.thecocktaildb.com/images/media/drink/rrqrst1477140664.jpg','Layer in a 2 oz shot glass or pony glass'),(44,'Bumble Bee','https://www.thecocktaildb.com/images/media/drink/uwqpvv1461866378.jpg','This is a layered shot. First pour the Bailey\'s into the shot glass. Then take an upside down spoon and touch it to the inside wall of the glass. Carefully add the Kahlua. Repeat this process for the Sambuca. If done properly, the alcohol will stay separated and resemble a bumble bee. Enjoy!!!'),(45,'Bubble Gum','https://www.thecocktaildb.com/images/media/drink/spuurv1468878783.jpg','Layer in order into a shot glass.'),(46,'Bible Belt','https://www.thecocktaildb.com/images/media/drink/6bec6v1503563675.jpg','Mix all ingredients, and pour over ice.'),(47,'Brain Fart','https://www.thecocktaildb.com/images/media/drink/rz5aun1504389701.jpg','Mix all ingredients together. Slowly and gently. Works best if ice is added to punch bowl and soda\'s are very cold.'),(48,'Bloody Mary','https://www.thecocktaildb.com/images/media/drink/t6caa21582485702.jpg','Stirring gently, pour all ingredients into highball glass. Garnish.'),(49,'Blue Lagoon','https://www.thecocktaildb.com/images/media/drink/5wm4zo1582579154.jpg','Pour vodka and curacao over ice in a highball glass. Fill with lemonade, top with the cherry, and serve.'),(50,'Boston Sour','https://www.thecocktaildb.com/images/media/drink/kxlgbi1504366100.jpg','Shake juice of lemon, powdered sugar, blended whiskey, and egg white with cracked ice and strain into a whiskey sour glass. Add the slice of lemon, top with the cherry, and serve.'),(51,'Casino','https://www.thecocktaildb.com/images/media/drink/1mvjxg1504348579.jpg','Pour all ingredients into shaker with ice cubes. Shake well. Strain into chilled cocktail glass. Garnish with a lemon twist and a maraschino cherry. Serve without a straw.'),(52,'Caipirinha','https://www.thecocktaildb.com/images/media/drink/jgvn7p1582484435.jpg','Place lime and sugar into old fashioned glass and muddle (mash the two ingredients together using a muddler or a wooden spoon). Fill the glass with ice and add the Cachaça.'),(53,'Cherry Rum','https://www.thecocktaildb.com/images/media/drink/twsuvr1441554424.jpg','Shake all ingredients with ice, strain into a cocktail glass, and serve.'),(54,'Cuba Libre','https://www.thecocktaildb.com/images/media/drink/wmkbfj1606853905.jpg','Build all ingredients in a Collins glass filled with ice. Garnish with lime wedge.'),(55,'Cuba Libra','https://www.thecocktaildb.com/images/media/drink/ck6d0p1504388696.jpg','Fill tall glass with ice cubes. Add rum. Rub cut edge of lime on rim of glass then squeeze juice into glass. Fill with Coca-Cola. Garnish with lime slice. Enjoy!'),(56,'Cafe Savoy','https://www.thecocktaildb.com/images/media/drink/vqwptt1441247711.jpg','Fill mug almost to top with coffee.Add milk, triple sec and brandy. Stir.'),(57,'Cream Soda','https://www.thecocktaildb.com/images/media/drink/yqstxr1479209367.jpg','Pour 1oz of Spiced Rum into a highball glass with ice. Fill with Ginger Ale.'),(58,'Corn n Oil','https://www.thecocktaildb.com/images/media/drink/pk6dwi1592767243.jpg','Cut the half lime in half again. Add the lime, falernum, and bitters to a rocks glass. Muddle. Add the rum. (Aged Barbados rum such as Plantation 5 Year is recommended). Add ice and stir. Float the blackstrap rum on top. Serve with a straw.'),(59,'Casa Blanca','https://www.thecocktaildb.com/images/media/drink/usspxq1441553762.jpg','Shake all ingredients with ice, strain into a cocktail glass, and serve.'),(60,'Clover Club','https://www.thecocktaildb.com/images/media/drink/t0aja61504348715.jpg','Dry shake ingredients to emulsify, add ice, shake and served straight up.'),(61,'Citrus Coke','https://www.thecocktaildb.com/images/media/drink/uyrvut1479473214.jpg','Pour half of coke in a glass. Then add Bacardi and top it off with the remaining coke. Stir and drink up!'),(62,'Chicago Fizz','https://www.thecocktaildb.com/images/media/drink/qwvwqr1441207763.jpg','Shake all ingredients (except carbonated water) with ice and strain into a highball glass over two ice cubes. Fill with carbonated water, stir, and serve.'),(63,'City Slicker','https://www.thecocktaildb.com/images/media/drink/dazdlg1504366949.jpg','In a shaker half-filled with ice cubes, combine all of the ingredients. Shake well. Strain into a cocktail glass.'),(64,'Coffee-Vodka','https://www.thecocktaildb.com/images/media/drink/qvrrvu1472667494.jpg','Boil water and sugar until dissolved. Turn off heat. Slowly add dry instant coffee and continue stirring. Add a chopped vanilla bean to the vodka, then combine the cooled sugar syrup and coffee solution with the vodka. Cover tightly and shake vigorously each day for 3 weeks. Strain and filter. Its also best to let the sugar mixture cool completely so the vodka won\'t evaporate when its added. If you like a smoother feel to the liqueur you can add about 1 teaspoon of glycerine to the finished product.'),(65,'Caipirissima','https://www.thecocktaildb.com/images/media/drink/yd47111503565515.jpg','Same as Caipirinha but instead of cachaca you add WHITE RUM. It\'s great!!!!!!!!'),(66,'Campari Beer','https://www.thecocktaildb.com/images/media/drink/xsqrup1441249130.jpg','Use a 15 oz glass. Add Campari first. Fill with beer.'),(67,'Cosmopolitan','https://www.thecocktaildb.com/images/media/drink/kpsajh1504368362.jpg','Add all ingredients into cocktail shaker filled with ice. Shake well and double strain into large cocktail glass. Garnish with lime wheel.'),(68,'Casino Royale','https://www.thecocktaildb.com/images/media/drink/3qpv121504366699.jpg','In a shaker half-filled with ice cubes, combine all of the ingredients. Shake well. Strain into a sour glass.'),(69,'Clove Cocktail','https://www.thecocktaildb.com/images/media/drink/qxvtst1461867579.jpg','Stir all ingredients with ice, strain into a cocktail glass, and serve.'),(70,'Coffee Liqueur','https://www.thecocktaildb.com/images/media/drink/ryvtsu1441253851.jpg','Combine coffee, sugar and water. Simmer 1 hour and let cool. Add vanilla and vodka. Age in sealed jar 2 to 3 weeks.'),(71,'Chocolate Milk','https://www.thecocktaildb.com/images/media/drink/j6q35t1504889399.jpg','Put the milk in the bottom, pour the Liquer on top and add the dash of amaretto. Do not mix. SLAM IT!'),(72,'Coke and Drops','https://www.thecocktaildb.com/images/media/drink/yrtxxp1472719367.jpg','Take a glass, pour the Coke in the glass, then you take 7 drops of lemon juice. Granish with a lemon slice on the rim of the glass.'),(73,'Corpse Reviver','https://www.thecocktaildb.com/images/media/drink/gifgao1513704334.jpg','Shake, strain, straight up, cocktail glass rinsed with absinthe\r\n'),(74,'Chocolate Drink','https://www.thecocktaildb.com/images/media/drink/q7w4xu1487603180.jpg','Melt the bar in a small amount of boiling water. Add milk. Cook over low heat, whipping gently (with a whisk, i would assume) until heated well. Don\'t let it boil! Serve in coffee mug.'),(75,'Creme de Menthe','https://www.thecocktaildb.com/images/media/drink/yxswtp1441253918.jpg','Bring sugar and water to a boil and simmer for 10 minutes. Cool. Add the remaining ingredients and stir. Cover and let ripen for 1 month.'),(76,'Derby','https://www.thecocktaildb.com/images/media/drink/52weey1606772672.jpg','Pour all ingredients into a mixing glass with ice. Stir. Strain into a cocktail glass. Garnish with a sprig of fresh mint in the drink.'),(77,'Diesel','https://www.thecocktaildb.com/images/media/drink/sxrrqq1454512852.jpg','Pour the lager first then add the blackcurrant cordial. Top up with the cider. The colour sholud be very dark approaching the colour of Guiness.'),(78,'Daiquiri','https://www.thecocktaildb.com/images/media/drink/mrz9091589574515.jpg','Pour all ingredients into shaker with ice cubes. Shake well. Strain in chilled cocktail glass.'),(79,'Danbooka','https://www.thecocktaildb.com/images/media/drink/vurrxr1441246074.jpg','pour it in and mix it.'),(80,'Dragonfly','https://www.thecocktaildb.com/images/media/drink/uc63bh1582483589.jpg','In a highball glass almost filled with ice cubes, combine the gin and ginger ale. Stir well. Garnish with the lime wedge.'),(81,'Downshift','https://www.thecocktaildb.com/images/media/drink/y36z8c1503563911.jpg','Start with the Sprite. Next comes the tequila. After that, add the Minute Maid Fruit Punch, then float the 151. Rocks optional.'),(82,'Dry Rob Roy','https://www.thecocktaildb.com/images/media/drink/typuyq1439456976.jpg','In a mixing glass half-filled with ice cubes, combine the Scotch and vermouth. Stir well. Strain into a cocktail glass. Garnish with the lemon twist.'),(83,'Dry Martini','https://www.thecocktaildb.com/images/media/drink/6ck9yi1589574317.jpg','Straight: Pour all ingredients into mixing glass with ice cubes. Stir well. Strain in chilled martini cocktail glass. Squeeze oil from lemon peel onto the drink, or garnish with olive.'),(84,'Dirty Nipple','https://www.thecocktaildb.com/images/media/drink/vtyqrt1461866508.jpg','This is a layered shot - the Bailey\'s must be on top'),(85,'Dirty Martini','https://www.thecocktaildb.com/images/media/drink/vcyvpq1485083300.jpg','Pour the vodka, dry vermouth and olive brine into a cocktail shaker with a handful of ice and shake well.\r\nRub the rim of a martini glass with the wedge of lemon.\r\nStrain the contents of the cocktail shaker into the glass and add the olive.\r\nA dirty Martini contains a splash of olive brine or olive juice and is typically garnished with an olive.'),(86,'Darkwood Sling','https://www.thecocktaildb.com/images/media/drink/sxxsyq1472719303.jpg','There are many good cherry liqueurs you can use, but I prefere Heering. Add one share of the liqueur. Then you add one share of Soda. For a sour sling use Tonic (most people prefer the drink without Tonic). Afterwards you fill the glass with Orange Juice and ice cubes.'),(87,'Dark Caipirinha','https://www.thecocktaildb.com/images/media/drink/uwstrx1472406058.jpg','Muddle the sugar into the lime wedges in an old-fashioned glass.\r\nFill the glass with ice cubes.\r\nPour the cachaca into the glass.\r\nStir well.'),(88,'Duchamp\'s Punch','https://www.thecocktaildb.com/images/media/drink/g51naw1485084685.jpg','Shake all ingredients.\r\nDouble strain in a chilled double old fashioned glass with abig ice cube.\r\nGarnish with a couple of lavender sprigs'),(89,'Dark and Stormy','https://www.thecocktaildb.com/images/media/drink/t1tn0s1504374905.jpg','In a highball glass filled with ice add 6cl dark rum and top with ginger beer. Garnish with lime wedge.'),(90,'Damned if you do','https://www.thecocktaildb.com/images/media/drink/ql7bmx1503565106.jpg','Pour into shot glass. Put in mouth. Repeat as deemed necessary.'),(91,'Dubonnet Cocktail','https://www.thecocktaildb.com/images/media/drink/pfz3hz1582483111.jpg','Stir all ingredients (except lemon peel) with ice and strain into a cocktail glass. Add the twist of lemon peel and serve.'),(92,'Drinking Chocolate','https://www.thecocktaildb.com/images/media/drink/u6jrdf1487603173.jpg','Heat the cream and milk with the cinnamon and vanilla bean very slowly for 15-20 minutes. (If you don\'t have any beans add 1-2 tsp of vanilla after heating). Remove the bean and cinnamon. Add the chocolate. Mix until fully melted. Serve topped with some very dense fresh whipped cream. Serves 1-2 depending upon how much of a glutton you are. For a richer chocolate, use 4 oz of milk, 4 oz of cream, 4 oz of chocolate. Serve in coffee mug.'),(93,'Death in the Afternoon','https://www.thecocktaildb.com/images/media/drink/y7s3rh1598719574.jpg','Easy as you like, pour the absinthe into a chilled glass, top with champagne. Must be drunk mid afternoon for the optimum effect.'),(94,'Egg Cream','https://www.thecocktaildb.com/images/media/drink/mvis731484430445.jpg','Mix syrup and milk in a fountain glass. Add soda water, serve with a straw.'),(95,'Egg Nog #4','https://www.thecocktaildb.com/images/media/drink/wpspsy1468875747.jpg','In a small mixer bowl beat egg yolks till blended. Gradually add 1/4 cup sugar, beating at high speed till thick and lemon colored. Stir in milk, stir in rum, bourbon, vanilla, and salt. Chill thoroughly. Whip cream. Wash beaters well. In a large mixer bowl beat egg whites till soft peaks form. Gradually add remaining 1/4 cup sugar, beating to stiff peaks. Fold yolk mixture and whipped cream into egg whites. Serve immediately. Sprinkle nutmeg over each serving. Serve in a punch bowl or another big bowl. NOTE: For a nonalcoholic eggnog, prepare Eggnog as above, except omit the bourbon and rum and increase the milk to 3 cups.'),(96,'English Highball','https://www.thecocktaildb.com/images/media/drink/dhvr7d1504519752.jpg','Pour brandy, gin, and sweet vermouth into a highball glass over ice cubes. Fill with carbonated water. Add the twist of lemon peel, stir, and serve. (Ginger ale may be substituted for carbonated water, if preferred.)'),(97,'Espresso Martini','https://www.thecocktaildb.com/images/media/drink/n0sx531504372951.jpg','Pour ingredients into shaker filled with ice, shake vigorously, and strain into chilled martini glass'),(98,'Espresso Rumtini','https://www.thecocktaildb.com/images/media/drink/acvf171561574403.jpg','Mix together in a cocktail glass. Garnish with some choclate powder and coffee beans'),(99,'Egg Nog - Healthy','https://www.thecocktaildb.com/images/media/drink/qxuppv1468875308.jpg','Whip egg substitute and sugar together, combine with the two kinds of milk, vanilla, and rum. Mix well. Chill over night. Sprinkle with nutmeg. Makes 6 servings.'),(100,'English Rose Cocktail','https://www.thecocktaildb.com/images/media/drink/yxwrpp1441208697.jpg','Rub rim of cocktail glass with lemon juice and dip rim of glass in powdered sugar. Shake all ingredients (except cherry) with ice and strain into sugar-rimmed glass. Top with the cherry and serve.'),(101,'Elderflower Caipirinha','https://www.thecocktaildb.com/images/media/drink/dif7a31614006331.jpg','Take the glass and muddle the lime in it. Fill the glass with crushed ice and add the Cachaca. Stir well and top with some more crushed ice. Garnish with lime and enjoy!'),(102,'Egg-Nog - Classic Cooked','https://www.thecocktaildb.com/images/media/drink/quxsvt1468875505.jpg','In large saucepan, beat together eggs, sugar and salt, if desired. Stir in 2 cups of the milk. Cook over low heat, stirring constantly, until mixture is thick enough to coat a metal spoon and reaches 160 degrees F. Remove from heat. Stir in remaining 2 cups milk and vanilla. Cover and regfigerate until thoroughly chilled, several hours or overnight. Just before serving, pour into bowl or pitcher. Garnish or add stir-ins, if desired. Choose 1 or several of: Chocolate curls, cinnamon sticks, extracts of flavorings, flavored brandy or liqueur, fruit juice or nectar, ground nutmeg, maraschino cherries, orange slices, peppermint sticks or candy canes, plain brandy, run or whiskey, sherbet or ice-cream, whipping cream, whipped. Serve immediately.'),(103,'Empellón Cocina\'s Fat-Washed Mezcal','https://www.thecocktaildb.com/images/media/drink/osgvxt1513595509.jpg','To ensure that your pork fat is just as delicious as theirs, here’s their adobo marinade and what to do with it (you’ll also need a rack of ribs):\r\n\r\n4 ancho chiles, 8 guajillo chiles and 4 chipotle chiles, plus 4 cloves roasted garlic, half a cup of cider vinegar, a quarter teaspoon of Mexican oregano, 1 teaspoon of ground black pepper, a whole clove, a quarter teaspoon of ground cinnamon and a half teaspoon of ground cumin.\r\n\r\nToast the dried chiles and soak in water for at least an hour until they are rehydrated. Drain and discard the soaking liquid. Combine the soaked chiles with the remaining ingredients and purée until smooth.\r\n\r\nCold smoke a rack of baby back pork ribs by taking a large hotel pan with woodchips on one side and charcoal on the other. Place another, smaller, pan with pork ribs, above the charcoal/woodchip pan. Ignite the charcoal, being careful to not ignite the woodchips. Cover both pans with foil and allow to smoke for 10-15 minutes, until desired level of smoke is achieved, then coat with adobo marinade and wrap in tin foil prior to placing ribs in a 300 degree oven for 7 hours. When the ribs have cooled, strain off the fat and use for the infusion.\r\n\r\nIf you’re having a hard time coming up to the same kind of volume of fat, make up the balance with pork lard from a butcher. To get the same depth of flavor without the ribs, heat up the fat in a pot with a few spoons of the marinade.\r\n\r\nOnce you’ve got your tub of seasoned pork fat in cooled liquid form, pour equal amounts of Ilegal Joven mezcal and fat into a sealable container. Seal the container and give it a really good shake, then put it in the freezer overnight. When the whole thing is separated and congealed, pour it through a fine mesh chinoise. If you don’t have a chinoise, try a fine mesh strainer, or if you don’t have one of those, try spooning off most of the fat. There will be some beads of orange fat left in the strained mezcal: run that through a few layers of cheesecloth (or coffee filters in a pinch) to get rid of the last of it.\r\n\r\nThe mezcal is now ready for drinking, straight-up or in a cocktail. \r\n\r\nHabanero tincture\r\n\r\nSlice habaneros and add 2 ounces Ilegal Joven mezcal.\r\nAllow to sit overnight or until desired level of heat is achieved.\r\nCocktail\r\n\r\nCombine mezcal and chocolate liqueur in a mixing glass with ice and stir for 45 seconds.\r\nStrain into chilled coupe.\r\nCarefully \"sink\" the coffee liqueur down the inside of the coupe over a spoon.\r\nGarnish with 5 drops habanero tincture.'),(104,'Frosé','https://www.thecocktaildb.com/images/media/drink/b4cadp1619695347.jpg','Step 1\r\nPour rosé into a 13x9\" pan and freeze until almost solid (it won\'t completely solidify due to the alcohol), at least 6 hours.\r\n\r\nStep 2\r\nMeanwhile, bring sugar and ½ cup water to a boil in a medium saucepan; cook, stirring constantly, until sugar dissolves, about 3 minutes. Add strawberries, remove from heat, and let sit 30 minutes to infuse syrup with strawberry flavor. Strain through a fine-mesh sieve into a small bowl (do not press on solids); cover and chill until cold, about 30 minutes.\r\n\r\nStep 3\r\nScrape rosé into a blender. Add lemon juice, 3½ ounces strawberry syrup, and 1 cup crushed ice and purée until smooth. Transfer blender jar to freezer and freeze until frosé is thickened (aim for milkshake consistency), 25–35 minutes.\r\n\r\nStep 4\r\nBlend again until frosé is slushy. Divide among glasses.\r\n\r\nStep 5\r\nDo Ahead: Rosé can be frozen 1 week ahead.'),(105,'Frappé','https://www.thecocktaildb.com/images/media/drink/vqwryq1441245927.jpg','Mix together. Blend at highest blender speed for about 1 minute. Pour into a glass and drink with a straw. Notes: This works best if everything is cold (if you make fresh coffee, mix it with the milk and let it sit in the fridge for 1/2 hour. If it is not frothy, add more milk, or even just some more milk powder. The froth gradually turns to liquid at the bottom of the glass, so you will find that you can sit and drink this for about 1/2 hour, with more iced coffee continually appearing at the bottom. Very refreshing.'),(106,'Foxy Lady','https://www.thecocktaildb.com/images/media/drink/r9cz3q1504519844.jpg','Shake all ingredients with ice, strain into a chilled cocktail glass, and serve.'),(107,'French 75','https://www.thecocktaildb.com/images/media/drink/hrxfbl1606773109.jpg','Combine gin, sugar, and lemon juice in a cocktail shaker filled with ice. Shake vigorously and strain into a chilled champagne glass. Top up with Champagne. Stir gently.'),(108,'Frisco Sour','https://www.thecocktaildb.com/images/media/drink/acuvjz1582482022.jpg','Shake all ingredients (except slices of lemon and lime) with ice and strain into a whiskey sour glass. Decorate with the slices of lemon and lime and serve.'),(109,'Fruit Shake','https://www.thecocktaildb.com/images/media/drink/q0fg2m1484430704.jpg','Blend til smooth.'),(110,'Figgy Thyme','https://www.thecocktaildb.com/images/media/drink/pbw4e51606766578.jpg','In a lewis bag, crush up some ice like a baller/maniac (@glacioice). Pour your precious ice into a collins glass. In a cocktail shaker, muddle the figs and thyme together. Add honey vodka, lemon juice, and a large ice cube (@glacioice). Shake until well chilled, and strain into glass. Add tonic water and finally 2 dashes of angostura bitters. Garnish with sliced figs and thyme.'),(111,'Fruit Cooler','https://www.thecocktaildb.com/images/media/drink/i3tfn31484430499.jpg','Toss strawberries with sugar, and let sit overnight in refrigerator. Cut lemon, reserve two slices. Juice the rest. Mix together the lemon juice, strawberries, apple juice, and soda water. Add slices of lemon (decor, really). In glasses, put ice cubes, and a slice of apple. Pour drink in, and serve.'),(112,'Freddy Kruger','https://www.thecocktaildb.com/images/media/drink/tuppuq1461866798.jpg','make it an ample size shot!!'),(113,'Fuzzy Asshole','https://www.thecocktaildb.com/images/media/drink/wrvpuu1472667898.jpg','fill coffe mug half full of coffee. Fill the other half full of Peach Schnapps. Stir and drink while hot.'),(114,'Funk and Soul','https://www.thecocktaildb.com/images/media/drink/qtv83q1596015790.jpg','Mix all ingredients together and strain into a Collins glass. Use Jamaican rum where possible for a more authentic taste.'),(115,'French Martini','https://www.thecocktaildb.com/images/media/drink/clth721504373134.jpg','Pour all ingredients into shaker with ice cubes. Shake well and strain into a chilled cocktail glass. Squeeze oil from lemon peel onto the drink.'),(116,'French Negroni','https://www.thecocktaildb.com/images/media/drink/x8lhp41513703167.jpg','Add ice to a shaker and pour in all ingredients.\nUsing a bar spoon, stir 40 to 45 revolutions or until thoroughly chilled.\nStrain into a martini glass or over ice into a rocks glass. Garnish with orange twist.'),(117,'Flying Dutchman','https://www.thecocktaildb.com/images/media/drink/mwko4q1582482903.jpg','In an old-fashioned glass almost filled with ice cubes, combine the gin and triple sec. Stir well.'),(118,'Frozen Daiquiri','https://www.thecocktaildb.com/images/media/drink/7oyrj91504884412.jpg','Combine all ingredients (except for the cherry) in an electric blender and blend at a low speed for five seconds, then blend at a high speed until firm. Pour contents into a champagne flute, top with the cherry, and serve.'),(119,'Fruit Flip-Flop','https://www.thecocktaildb.com/images/media/drink/nfdx6p1484430633.jpg','Place all ingredients in the blender jar - cover and whiz on medium speed until well blended. Pour in one tall, 2 medium or 3 small glasses and drink up.'),(120,'Fahrenheit 5000','https://www.thecocktaildb.com/images/media/drink/tysssx1473344692.jpg','Cover bottom of shot glass with Tabasco Sauce and then fill with half Firewater and half Absolut Peppar.'),(121,'Flying Scotchman','https://www.thecocktaildb.com/images/media/drink/q53l911582482518.jpg','Shake all ingredients with ice, strain into a cocktail glass, and serve.'),(122,'French Connection','https://www.thecocktaildb.com/images/media/drink/zaqa381504368758.jpg','Pour all ingredients directly into old fashioned glass filled with ice cubes. Stir gently.'),(123,'Flaming Dr. Pepper','https://www.thecocktaildb.com/images/media/drink/d30z931503565384.jpg','Add Amaretto, Bacardi, and vodka. Mix in the Dr. Pepper and beer'),(124,'Flander\'s Flake-Out','https://www.thecocktaildb.com/images/media/drink/sqvqrx1461866705.jpg','Bang \'em both in.'),(125,'Flaming Lamborghini','https://www.thecocktaildb.com/images/media/drink/yywpss1461866587.jpg','Pour the Sambuca and Kahlua into the Cocktail Glass and give the drinker a straw. Pour the Baileys and Blue Curacao into two sepsrate shot glasses either side of the cocktail glass. Set light the concotion in the cocktail glass and start to drink through the straw (this drink should be drunk in one) , as the bottom of the glass is reached put out the fire by pouring the Baileys and Blue Curacao into the cocktail glass and keep drinking till it\'s all gone!!'),(126,'Frozen Mint Daiquiri','https://www.thecocktaildb.com/images/media/drink/jrhn1q1504884469.jpg','Combine all ingredients with 1 cup of crushed ice in an electric blender. Blend at a low speed for a short length of time. Pour into an old-fashioned glass and serve.'),(127,'Frozen Pineapple Daiquiri','https://www.thecocktaildb.com/images/media/drink/k3aecd1582481679.jpg','Combine all ingredients with 1 cup of crushed ice in an electric blender. Blend at a low speed for a short length of time. Pour into a cocktail glass and serve.'),(128,'GG','https://www.thecocktaildb.com/images/media/drink/vyxwut1468875960.jpg','Pour the Galliano liqueur over ice. Fill the remainder of the glass with ginger ale and thats all there is to it. You now have a your very own GG.'),(129,'Gimlet','https://www.thecocktaildb.com/images/media/drink/3xgldt1513707271.jpg','Add all the ingredients to a shaker and fill with ice.\r\n\r\nShake, and strain into a chilled cocktail glass or an Old Fashioned glass filled with fresh ice.\r\n\r\nGarnish with a lime wheel.'),(130,'Gin Fizz','https://www.thecocktaildb.com/images/media/drink/drtihp1606768397.jpg','Shake all ingredients with ice cubes, except soda water. Pour into glass. Top with soda water.'),(131,'Gin Sour','https://www.thecocktaildb.com/images/media/drink/noxp7e1606769224.jpg','In a shaker half-filled with ice cubes, combine the gin, lemon juice, and sugar. Shake well. Strain into a sour glass and garnish with the orange slice and the cherry.'),(132,'Godchild','https://www.thecocktaildb.com/images/media/drink/m5nhtr1504820829.jpg','Shake all ingredients well with cracked ice, strain into a champagne flute, and serve.'),(133,'Gin Daisy','https://www.thecocktaildb.com/images/media/drink/z6e22f1582581155.jpg','In a shaker half-filled with ice cubes, combine the gin, lemon juice, sugar, and grenadine. Shake well. Pour into an old-fashioned glass and garnish with the cherry and the orange slice.'),(134,'Gin Sling','https://www.thecocktaildb.com/images/media/drink/8cl9sm1582581761.jpg','Dissolve powdered sugar in mixture of water and juice of lemon. Add gin. Pour into an old-fashioned glass over ice cubes and stir. Add the twist of orange peel and serve.'),(135,'Gin Smash','https://www.thecocktaildb.com/images/media/drink/iprva61606768774.jpg','Muddle sugar with carbonated water and mint sprigs in an old-fashioned glass. Add gin and 1 ice cube. Stir, add the orange slice and the cherry, and serve.'),(136,'Gin Toddy','https://www.thecocktaildb.com/images/media/drink/jxstwf1582582101.jpg','Mix powdered sugar and water in an old-fashioned glass. Add gin and one ice cube. Stir, add the twist of lemon peel, and serve.'),(137,'Godfather','https://www.thecocktaildb.com/images/media/drink/e5zgao1582582378.jpg','Pour all ingredients directly into old fashioned glass filled with ice cubes. Stir gently.'),(138,'Godmother','https://www.thecocktaildb.com/images/media/drink/quksqg1582582597.jpg','Pour vodka and amaretto into an old-fashioned glass over ice and serve.'),(139,'Gagliardo','https://www.thecocktaildb.com/images/media/drink/lyloe91487602877.jpg','Shake well and serve in a cocktail glass. This is a home cocktail of American/Internet Bar del Pozzo, Pavia, Italy.'),(140,'Gluehwein','https://www.thecocktaildb.com/images/media/drink/vuxwvt1468875418.jpg','Boil sugar and spices in water, leave in the water for 30 minutes. Strain the spiced water and mix with the wine. Heat slowly until short of boiling temperature. (To remove alcohol, let it boil for a while.) You may add lemon or orange juice to taste. Serve in irish coffee cup.'),(141,'Greyhound','https://www.thecocktaildb.com/images/media/drink/g5upn41513706732.jpg','Add the vodka to a Collins glass filled with ice.\nTop with grapefruit juice and stir.\n\n'),(142,'Gin Tonic','https://www.thecocktaildb.com/images/media/drink/qcgz0t1643821443.jpg','Fill a highball glass with ice, pour the gin, top with tonic water and squeeze a lemon wedge and garnish with a lemon wedge.'),(143,'Gin Lemon','https://www.thecocktaildb.com/images/media/drink/yhzvk91643821739.jpg','For the preparation of the gin lemon you will not need the shaker. Fill the tumbler with ice, pour the gin and lemonade over it. Gently mix and decorate with a slice of lemon. Those who prefer can also add a few mint leaves. Your gin lemon is ready to be served.'),(144,'Gin Cooler','https://www.thecocktaildb.com/images/media/drink/678xt11582481163.jpg','Stir powdered sugar and 2 oz. carbonated water in a collins glass. Fill glass with ice and add gin. Fill with carbonated water and stir. Add the lemon peel and the orange spiral so that the end of the orange spiral dangles over rim of glass.'),(145,'Gin Squirt','https://www.thecocktaildb.com/images/media/drink/xrbhz61504883702.jpg','Stir gin, grenadine, and powdered sugar with ice and strain into a highball glass over ice cubes. Fill with carbonated water and stir. Decorate with the pineapple chunks and the strawberries and serve.'),(146,'Grand Blue','https://www.thecocktaildb.com/images/media/drink/vsrsqu1472761749.jpg','Serve in an old fashioned glass.'),(147,'Gin Rickey','https://www.thecocktaildb.com/images/media/drink/s00d6f1504883945.jpg','Half-fill a tall glass with ice. Mix the gin and Grenadine together and pour over the ice. Add the lime or lemon juice and top off with soda water. Decorate the glass with lime and/or lemon slices.'),(148,'Gin Swizzle','https://www.thecocktaildb.com/images/media/drink/sybce31504884026.jpg','In a shaker half-filled with ice cubes, combine the lime juice, sugar, gin, and bitters. Shake well. Almost fill a colling glass with ice cubes. Stir until the glass is frosted. Strain the mixture in the shaker into the glass and add the club soda.'),(149,'Grass Skirt','https://www.thecocktaildb.com/images/media/drink/qyvprp1473891585.jpg','In a shaker half-filled with ice cubes, combine the gin, triple sec, pineapple juice, and grenadine. Shake well. Pour into an old-fashioned glass and garnish with the pineapple slice.'),(150,'Grim Reaper','https://www.thecocktaildb.com/images/media/drink/kztu161504883192.jpg','Mix Kahlua and 151 in glass. Quickly add ice and pour grenadine over ice to give ice red tint.'),(151,'Grasshopper','https://www.thecocktaildb.com/images/media/drink/aqm9el1504369613.jpg','Pour ingredients into a cocktail shaker with ice. Shake briskly and then strain into a chilled cocktail glass.'),(152,'Grizzly Bear','https://www.thecocktaildb.com/images/media/drink/k6v97f1487602550.jpg','Served over ice. Sounds nasty, but tastes great.'),(153,'H.D.','https://www.thecocktaildb.com/images/media/drink/upusyu1472667977.jpg','Mix the whisky and Baileys Cream in a beer-glass (at least 50 cl). Fill the rest of the glass with coffee.'),(154,'Honey Bee','https://www.thecocktaildb.com/images/media/drink/vu8l7t1582475673.jpg','Shake ingredients with crushed ice\r\n'),(155,'Hot Toddy','https://www.thecocktaildb.com/images/media/drink/ggx0lv1613942306.jpg','STEP 1\r\nWhisk the whisky and honey together and split between 2 heatproof glasses. Add half of the cinnamon stick to each, then top up with 200ml boiling water.\r\n\r\nSTEP 2\r\nAdd a splash of lemon juice to each, then taste and add more to your preference. Finish each with a slice of lemon, studded with a clove, and serve immediately.'),(156,'Herbal flame','https://www.thecocktaildb.com/images/media/drink/rrstxv1441246184.jpg','Pour Hot Damn 100 in bottom of a jar or regular glass. Fill the rest of the glass with sweet tea. Stir with spoon, straw, or better yet a cinnamon stick and leave it in.'),(157,'Horse\'s Neck','https://www.thecocktaildb.com/images/media/drink/006k4e1504370092.jpg','Pour brandy and ginger ale directly into highball glass with ice cubes. Stir gently. Garnish with lemon zest. If desired, add dashes of Angostura Bitter.'),(158,'Happy Skipper','https://www.thecocktaildb.com/images/media/drink/42w2g41487602448.jpg','Pour Captain Morgan\'s Spiced Rum over ice, fill glass to top with Ginger Ale. Garnish with lime. Tastes like a cream soda. Named for the Gilligan\'s Island reference (\"The Captain\" *in* \"Ginger\" is a Happy Skipper!)'),(159,'Hunter\'s Moon','https://www.thecocktaildb.com/images/media/drink/t0iugg1509556712.jpg','Put the Bombay Sapphire, Martini Bianco, sugar syrup & blackberries in a cocktail shaker with lots of ice and shake vigorously before pouring into a balloon glass, topping up with lemonade and garnishing with a wedge of orange.'),(160,'Havana Cocktail','https://www.thecocktaildb.com/images/media/drink/59splc1504882899.jpg','In a shaker half-filled with ice cubes, combine all of the ingredients. Shake well. Strain into a cocktail glass.'),(161,'Holloween Punch','https://www.thecocktaildb.com/images/media/drink/lfeoe41504888925.jpg','Take a bunch of grape juice and a bunch of fizzy stuff (club soda, ginger ale, lemonlime, whatever). Mix them in a punch bowl. Take orange sherbet and lime sherbet. Scoop out scoops and float them in the punch, let them melt a little so that a nasty film spreads all over the top of the punch but there are still \"bubbles\" in it in the form of sherbet scoops. Looks horrible, tastes just fine.'),(162,'Hot Creamy Bush','https://www.thecocktaildb.com/images/media/drink/spvrtp1472668037.jpg','Combine all ingredients in glass'),(163,'Homemade Kahlua','https://www.thecocktaildb.com/images/media/drink/uwtsst1441254025.jpg','Dissolve sugar in 2 cups of boiling water and add corn syrup. Dissolve the instant coffee in the remaining water. Pour syrup and coffee in a gallon jug. Let it cool. Add vodka and vanilla when cold. For the best result, let the mixture \"mature\" for 4-5 weeks.'),(164,'Halloween Punch','https://www.thecocktaildb.com/images/media/drink/7hcgyj1571687671.jpg','Tip the cherry juice, orange peel, chilli, cinnamon sticks, cloves and ginger into a large saucepan. Simmer for 5 mins, then turn off the heat. Leave to cool, then chill for at least 4 hrs, or up to 2 days – the longer you leave it the more intense the flavours. If serving to young children, take the chilli out after a few hours.\r\n\r\nWhen you’re ready to serve, pour the juice into a jug. Serve in glass bottles or glasses and pop a straw in each. If you\'re adding vodka, do so at this stage. Dangle a fangs sweet from each glass.'),(165,'Harvey Wallbanger','https://www.thecocktaildb.com/images/media/drink/7os4gs1606854357.jpg','Stir the vodka and orange juice with ice in the glass, then float the Galliano on top. Garnish and serve.'),(166,'Hawaiian Cocktail','https://www.thecocktaildb.com/images/media/drink/ujoh9x1504882987.jpg','Shake all ingredients with ice, strain into a cocktail glass, and serve.'),(167,'Hemingway Special','https://www.thecocktaildb.com/images/media/drink/jfcvps1504369888.jpg','Pour all ingredients into a shaker with ice. Shake.'),(168,'Highland Fling Cocktail','https://www.thecocktaildb.com/images/media/drink/0bkwca1492975553.jpg','Stir all ingredients (except olive) with ice and strain into a cocktail glass. Add the olive and serve.'),(169,'Hot Chocolate to Die for','https://www.thecocktaildb.com/images/media/drink/0lrmjp1487603166.jpg','Melt the chocolate, butter and vanilla in a double boiler. When just smooth stir in the cream.'),(170,'Ipamena','https://www.thecocktaildb.com/images/media/drink/yswuwp1469090992.jpg','Cut half a lime into pieces, place in a shaker, add the sugar and crush. Measure the passion fruit juice, add it to the shaker and fill up with ice cubes. Close the shaker and shake vigorously. Pour the liquid into a glass, top up with ginger ale, stir with a teaspoon and then garnish the rim of the glass with a slice of lime'),(171,'Ice Pick','https://www.thecocktaildb.com/images/media/drink/ypsrqp1469091726.jpg','Put Vodka in glass fill with iced tea. Stir in lemon to taste.'),(172,'Iced Coffee','https://www.thecocktaildb.com/images/media/drink/ytprxy1454513855.jpg','Mix together until coffee and sugar is dissolved. Add milk. Shake well. Using a blender or milk shake maker produces a very foamy drink. Serve in coffee mug.'),(173,'Irish Cream','https://www.thecocktaildb.com/images/media/drink/90etyl1504884699.jpg','Mix scotch and milk. Add half-and-half. Add rest.'),(174,'Irish Spring','https://www.thecocktaildb.com/images/media/drink/sot8v41504884783.jpg','Pour all ingredients (except orange slice and cherry) into a collins glass over ice cubes. Garnish with the slice of orange, add the cherry on top, and serve.'),(175,'Irish Coffee','https://www.thecocktaildb.com/images/media/drink/sywsqw1439906999.jpg','Heat the coffee, whiskey and sugar; do not boil. Pour into glass and top with cream; serve hot.'),(176,'Imperial Fizz','https://www.thecocktaildb.com/images/media/drink/zj1usl1504884548.jpg','Shake all ingredients (except carbonated water) with ice and strain into a highball glass over two ice cubes. Fill with carbonated water, stir, and serve.'),(177,'Irish Russian','https://www.thecocktaildb.com/images/media/drink/swqurw1454512730.jpg','Add the ingredients in the order listed in the recipe. Care must be taken when adding the Guinness to prevent an excess of foam. Do Not add ice.'),(178,'Imperial Cocktail','https://www.thecocktaildb.com/images/media/drink/bcsj2e1487603625.jpg','Shake with ice and strain into cocktail glass.'),(179,'Iced Coffee Fillip','https://www.thecocktaildb.com/images/media/drink/sxtxrp1454514223.jpg','Mix together in a coffee mug and chill before serving.'),(180,'Irish Curdling Cow','https://www.thecocktaildb.com/images/media/drink/yrhutv1503563730.jpg','Pour Irish Cream, Vodka, and Bourbon in a glass. Add some ice and mix in the orange juice.'),(181,'Jitterbug','https://www.thecocktaildb.com/images/media/drink/wwqvrq1441245318.jpg','Wet glass, dip rim in sugar. Then add Ice. Then add everything else. It\'s that simple!'),(182,'Jam Donut','https://www.thecocktaildb.com/images/media/drink/uuytrp1474039804.jpg','Coat the rim of a shot glass with sugar using sugar syrup to stick. Add the Chambord raspberry liqueur to the shot glass, and carefully layer the Baileys Irish Cream on top. Serve.'),(183,'Jelly Bean','https://www.thecocktaildb.com/images/media/drink/bglc6y1504388797.jpg','mix equal parts in pony glass-tastes just like a jelly bean!'),(184,'Jackhammer','https://www.thecocktaildb.com/images/media/drink/9von5j1504388896.jpg','Serve over ice- Warning,Deadly!'),(185,'Jello shots','https://www.thecocktaildb.com/images/media/drink/l0smzo1504884904.jpg','Boil 3 cups of water then add jello. Mix jello and water until jello is completely disolved. Add the two cups of vodka and mix together. Pour mixture into plastic shot glasses and chill until firm. Then, eat away...'),(186,'John Collins','https://www.thecocktaildb.com/images/media/drink/0t4bv71606854479.jpg','Pour all ingredients directly into highball glass filled with ice. Stir gently. Garnish. Add a dash of Angostura bitters.'),(187,'Jamaica Kiss','https://www.thecocktaildb.com/images/media/drink/urpvvv1441249549.jpg','Fill a tumbler with ice cubes. Add a shot of Tia Maria and a shot of Jamaican light rum. Fill the tumbler with milk. Blend until smooth and serve immediately.'),(188,'Japanese Fizz','https://www.thecocktaildb.com/images/media/drink/37vzv11504884831.jpg','Shake all ingredients (except carbonated water) with ice and strain into a highball glass over two ice cubes. Fill with carbonated water, stir, and serve.'),(189,'Just a Moonmint','https://www.thecocktaildb.com/images/media/drink/znald61487604035.jpg','Place all ingredients in the blender jar - cover and whiz on medium speed until well blended. Pour in one tall, 2 medium or 3 small glasses and drink up.'),(190,'Jamaican Coffee','https://www.thecocktaildb.com/images/media/drink/xqptps1441247257.jpg','Stir the rum, coffee and water together. Top with the whipped cream. Sprinkle with a pinch of well ground coffee and drink with a straw.'),(191,'Jewel Of The Nile','https://www.thecocktaildb.com/images/media/drink/hx4nrb1504884947.jpg','In a mixing glass half-filled with ice cubes, combine all of the ingredients. Stir well. Strain into a cocktail glass.'),(192,'Jack Rose Cocktail','https://www.thecocktaildb.com/images/media/drink/uuqqrv1439907068.jpg','Shake all ingredients with ice, strain into a cocktail glass, and serve.'),(193,'Jack\'s Vanilla Coke','https://www.thecocktaildb.com/images/media/drink/kjnt7z1504793319.jpg','After pouring in your ingredients, and adding 3-5 ice cubes, according to taste. Stir the drink with a stirrer to get the Vanilla off the bottom.'),(194,'Kir','https://www.thecocktaildb.com/images/media/drink/apneom1504370294.jpg','Add the crème de cassis to the bottom of the glass, then top up with wine.'),(195,'Karsk','https://www.thecocktaildb.com/images/media/drink/808mxk1487602471.jpg','Put a copper coin in a coffe-cup and fill up with coffee until you no longer see the coin, then add alcohol until you see the coin. Norwegian speciality.'),(196,'Kamikaze','https://www.thecocktaildb.com/images/media/drink/d7ff7u1606855412.jpg','Shake all ingredients together with ice. Strain into glass, garnish and serve.'),(197,'Kir Royale','https://www.thecocktaildb.com/images/media/drink/yt9i7n1504370388.jpg','Pour Creme de cassis in glass, gently pour champagne on top'),(198,'Kurant Tea','https://www.thecocktaildb.com/images/media/drink/xrsrpr1441247464.jpg','Pour Absolut Kurant into a comfortably big tea-cup. Add the not too hot(!) apple tea and, if you like, some sugar. Enjoy!'),(199,'Kiwi Lemon','https://www.thecocktaildb.com/images/media/drink/tpupvr1478251697.jpg','Mix in highball glass. Stirr. Garnish with slice of kiwi.'),(200,'Kioki Coffee','https://www.thecocktaildb.com/images/media/drink/uppqty1441247374.jpg','Stir. Add whipped cream to the top.'),(201,'Kiwi Martini','https://www.thecocktaildb.com/images/media/drink/bmxmyq1630407098.jpg','The kiwi martini is a very fun vodka cocktail and it is one of the best drinks that makes use of fresh fruit. Though there are a few recipes floating around, this is one of the easiest and it is an absolutely delightful green martini to drink.\r\n\r\nFor this recipe, you\'ll simply muddle slices of kiwi with simple syrup, then shake it with vodka. It\'s a drink that anyone can mix up in minutes and a perfect cocktail to show off your favorite vodka.'),(202,'Kool-Aid Shot','https://www.thecocktaildb.com/images/media/drink/fegm621503564966.jpg','Pour into a large glass with ice and stir. Add a little cranberry juice to taste.'),(203,'Kiss me Quick','https://www.thecocktaildb.com/images/media/drink/m7iaxu1504885119.jpg','mix in the glass'),(204,'Kool First Aid','https://www.thecocktaildb.com/images/media/drink/hfp6sv1503564824.jpg','Add Kool Aid to a double shot glass, and top with rum. Slam and shoot.'),(205,'Kentucky B And B','https://www.thecocktaildb.com/images/media/drink/sqxsxp1478820236.jpg','Pour the bourbon and Benedictine into a brandy snifter.'),(206,'Kentucky Colonel','https://www.thecocktaildb.com/images/media/drink/utqwpu1478820348.jpg','In a shaker half-filled with ice cubes combine the courbon and Benedictine. Shake and strain into a cocktail glass. Garnish with the lemon twist.'),(207,'Kool-Aid Slammer','https://www.thecocktaildb.com/images/media/drink/kugu2m1504735473.jpg','Fill half the shot glass with the kool-aid first. Then put a paper towel over the top of the glass and slowly pour in the vodka. If you do it right, you should be able to see that the two liquids are separated, with the vodka on top. Now slam it! The last thing you\'ll taste is the kool-aid.'),(208,'Kiwi Papaya Smoothie','https://www.thecocktaildb.com/images/media/drink/jogv4w1487603571.jpg','Throw everything into a blender and liquify.'),(209,'Kill the cold Smoothie','https://www.thecocktaildb.com/images/media/drink/7j1z2e1487603414.jpg','Juice ginger and lemon and add it to hot water. You may add cardomom.'),(210,'Limeade','https://www.thecocktaildb.com/images/media/drink/5jdp5r1487603680.jpg','In a large glass, put the lime juice and sugar, and stir well. Add cold seltzer water to fill. Put the lime peels in the glass. Drink. Repeat until limes or soda run out.'),(211,'Lunch Box','https://www.thecocktaildb.com/images/media/drink/qywpvt1454512546.jpg','Fill a pint glass almost full with beer. Then fill the rest with orange juice (careful not to fill it to the top). Then take the shot of Amaretto and drop it in.'),(212,'Lemon Shot','https://www.thecocktaildb.com/images/media/drink/mx31hv1487602979.jpg','Mix Galliano and Absolut Citron in a shot glass, lay lemon wedge sprinkled with sugar over glass and pour a rum over wedge and glass. light rum with a lighter and let burn for a second. Do shot quickly and suck on lemon. If it is done correctly, this will taste like a shot of sweet lemonade.'),(213,'Long vodka','https://www.thecocktaildb.com/images/media/drink/9179i01503565212.jpg','Shake a tall glass with ice cubes and Angostura, coating the inside of the glass. Por the vodka onto this, add 1 slice of lime and squeeze juice out of remainder, mix with tonic, stir and voila you have a Long Vodka'),(214,'Lemon Drop','https://www.thecocktaildb.com/images/media/drink/mtpxgk1504373297.jpg','Shake and strain into a chilled cocktail glass rimmed with sugar.'),(215,'Loch Lomond','https://www.thecocktaildb.com/images/media/drink/rpvtpr1468923881.jpg','In a mixing glass half-filled with ice cubes, combine the Scotch, Drambuie, and vermouth. Stir well. Strain into a cocktail glass. Garnish with the lemon twist.'),(216,'London Town','https://www.thecocktaildb.com/images/media/drink/rpsrqv1468923507.jpg','In a mixing glass half-filled with ice cubes, combine all of the ingredients. Stir well. Strain into a cocktail glass.'),(217,'Lassi Khara','https://www.thecocktaildb.com/images/media/drink/m1suzm1487603970.jpg','Blend (frappe) in blender until frothy. Add torn curry leaves and serve cold.'),(218,'Lassi Raita','https://www.thecocktaildb.com/images/media/drink/s4x0qj1487603933.jpg','Blend the yoghurt and ice cubes together, until the yoghurt becomes more liquid. Add sugar to taste. The lemon/lime is optional but it gives it a slightly tart taste. Dash of salt. Raita is also good for the summer. Instead of having a traditional salad you can make raita instead.'),(219,'Lemouroudji','https://www.thecocktaildb.com/images/media/drink/eirmo71487603745.jpg','Juice the lemons. Peel and grate the ginger. Place the grated ginger and a liberal dash of the cayenne pepper into a piece of cheesecloth, and tie it into a knot. Let soak in the water. After 15 minutes or so, add the sugar, and the lemon juice. Chill, and serve.'),(220,'Lord And Lady','https://www.thecocktaildb.com/images/media/drink/quwrys1468923219.jpg','Pour the rum and Tia Maria into an old-fashioned glass almost filled with ice cubes. Stir well.'),(221,'Lassi - Sweet','https://www.thecocktaildb.com/images/media/drink/9jeifz1487603885.jpg','Put all ingredients into a blender and blend until nice and frothy. Serve chilled.'),(222,'Lassi - Mango','https://www.thecocktaildb.com/images/media/drink/1bw6sd1487603816.jpg','Put it all in a blender and pour over crushed ice. You can also use other fruits like strawberries and bananas.'),(223,'Limona Corona','https://www.thecocktaildb.com/images/media/drink/wwqrsw1441248662.jpg','Open the Corona. Fill the empty space in the neck in the bottle with the rum. The bottle should be filled to the top. Plug the bottle with your thumb or the palm of your hand. Turn the bottle upside-down so the rum and beer mix. Turn the bottle rightside-up, unplug, and drink.'),(224,'Lady Love Fizz','https://www.thecocktaildb.com/images/media/drink/20d63k1504885263.jpg','Shake all ingredients (except carbonated water) with ice and strain into a cocktail glass over two ice cubes. Fill with carbonated water, stir, and serve.'),(225,'Long Island Tea','https://www.thecocktaildb.com/images/media/drink/nkwr4c1606770558.jpg','Combine all ingredients (except cola) and pour over ice in a highball glass. Add the splash of cola for color. Decorate with a slice of lemon and serve.'),(226,'Lone Tree Cooler','https://www.thecocktaildb.com/images/media/drink/wsyqry1479298485.jpg','Stir powdered sugar and 2 oz. carbonated water in a collins glass. Fill glass with ice, add gin and vermouth, and stir. Fill with carbonated water and stir again. Add the twist of lemon peel and the orange spiral so that the end dangles over rim of glass.'),(227,'Lone Tree Cocktail','https://www.thecocktaildb.com/images/media/drink/tsxpty1468923417.jpg','Stir ingredients with ice, strain into a cocktail glass, and serve.'),(228,'Lazy Coconut Paloma','https://www.thecocktaildb.com/images/media/drink/rytuex1598719770.jpg','Mix the coconut liqueur (preferably tequila) with the grapefruit juice and top with soda water. Garnish with a large grapefruit slice against the inside of the glass.'),(229,'Long Island Iced Tea','https://www.thecocktaildb.com/images/media/drink/wx7hsg1504370510.jpg','Mix all contents in a highball glass and sitr gently. Add dash of Coca-Cola for the coloring and garnish with lemon or lime twist.'),(230,'Lemon Elderflower Spritzer','https://www.thecocktaildb.com/images/media/drink/125w0o1630407389.jpg','Pour all ingredients over ice, stir and enjoy!\r\n'),(231,'Lassi - A South Indian Drink','https://www.thecocktaildb.com/images/media/drink/iq6scx1487603980.jpg','Blend in a blender for 3 seconds. Lassi is one of the easiest things to make, and there are many ways of making it. Basically, it is buttermilk (yoghurt whisked with water), and you can choose almost any consistency that you like, from the thinnest to the thickest. Serve cold.'),(232,'Melya','https://www.thecocktaildb.com/images/media/drink/xwtptq1441247579.jpg','Brew espresso. In a coffee mug, place 1 teaspoon of unsweetened powdered cocoa, then cover a teaspoon with honey and drizzle it into the cup. Stir while the coffee brews, this is the fun part. The cocoa seems to coat the honey without mixing, so you get a dusty, sticky mass that looks as though it will never mix. Then all at once, presto! It looks like dark chocolate sauce. Pour hot espresso over the honey, stirring to dissolve. Serve with cream.'),(233,'Mojito','https://www.thecocktaildb.com/images/media/drink/metwgh1606770327.jpg','Muddle mint leaves with sugar and lime juice. Add a splash of soda water and fill the glass with cracked ice. Pour the rum and top with soda water. Garnish and serve with straw.'),(234,'Mimosa','https://www.thecocktaildb.com/images/media/drink/juhcuu1504370685.jpg','Ensure both ingredients are well chilled, then mix into the glass. Serve cold.'),(235,'Mai Tai','https://www.thecocktaildb.com/images/media/drink/twyrrp1439907470.jpg','Shake all ingredients with ice. Strain into glass. Garnish and serve with straw.'),(236,'Martini','https://www.thecocktaildb.com/images/media/drink/71t8581504353095.jpg','Straight: Pour all ingredients into mixing glass with ice cubes. Stir well. Strain in chilled martini cocktail glass. Squeeze oil from lemon peel onto the drink, or garnish with olive.'),(237,'Margarita','https://www.thecocktaildb.com/images/media/drink/5noda61589575158.jpg','Rub the rim of the glass with the lime slice to make the salt stick to it. Take care to moisten only the outer rim and sprinkle the salt on it. The salt should present to the lips of the imbiber and never mix into the cocktail. Shake the other ingredients with ice, then carefully pour into the glass.'),(238,'Manhattan','https://www.thecocktaildb.com/images/media/drink/yk70e31606771240.jpg','Stirred over ice, strained into a chilled glass, garnished, and served up.'),(239,'Michelada','https://www.thecocktaildb.com/images/media/drink/u736bd1605907086.jpg','Mix the beer with tomato juice, freshly squeezed lime juice, and Worcestershire sauce, teriyaki sauce, soy sauce, or hot sauce.\r\nServed In a chilled, salt-rimmed glass\r\n'),(240,'Miami Vice','https://www.thecocktaildb.com/images/media/drink/qvuyqw1441208955.jpg','First: Mix pina colada with 2.5 oz. of rum with ice(set aside). Second: Mix daiquiri with 2.5 oz. of rum with ice. Third: While frozen, add pina colda mix then daiquiri mix in glass (Making sure they do not get mixed together).'),(241,'Mudslinger','https://www.thecocktaildb.com/images/media/drink/hepk6h1504885554.jpg','Add all contents to a large jug or punch bowl. Stir well!'),(242,'Moranguito','https://www.thecocktaildb.com/images/media/drink/urpsyq1475667335.jpg','first you put rhe absinthe, then put tequila, then put the Granadine syrup.'),(243,'Mint Julep','https://www.thecocktaildb.com/images/media/drink/squyyq1439907312.jpg','In a highball glass gently muddle the mint, sugar and water. Fill the glass with cracked ice, add Bourbon and stir well until the glass is well frosted. Garnish with a mint sprig.'),(244,'Martinez 2','https://www.thecocktaildb.com/images/media/drink/fs6kiq1513708455.jpg','Add all ingredients to a mixing glass and fill with ice.\r\n\r\nStir until chilled, and strain into a chilled coupe glass.'),(245,'Masala Chai','https://www.thecocktaildb.com/images/media/drink/uyrpww1441246384.jpg','Bring 2 cups of water to boil. Add all the ingredients and boil again for about 15 seconds. Let stand for a minute. Warm milk in a pot. Filter tea into cups. Add milk and sugar. That\'s IT.'),(246,'Mulled Wine','https://www.thecocktaildb.com/images/media/drink/iuwi6h1504735724.jpg','Simmer 3 cups water with, sugar, cloves, cinnamon sticks, and lemon peel in a stainless steel pot for 10 minutes. Add wine heat to a \"coffee temperature\" (DO NOT BOIL) then add the brandy.'),(247,'Moscow Mule','https://www.thecocktaildb.com/images/media/drink/3pylqc1504370988.jpg','Combine vodka and ginger beer in a highball glass filled with ice. Add lime juice. Stir gently. Garnish.'),(248,'Mocha-Berry','https://www.thecocktaildb.com/images/media/drink/vtwyyx1441246448.jpg','pour 6 oz. of coffee in a mug or Irish coffee cup. add coca mix and chambord, mix well and top off with whipped cream.'),(249,'Munich Mule','https://www.thecocktaildb.com/images/media/drink/rj55pl1582476101.jpg','Fill glass with ice\r\nPour Gin and Lime Juice\r\nFill glass with Ginger Beer\r\nGarnish with Cucumer and Lime slice'),(250,'Mojito Extra','https://www.thecocktaildb.com/images/media/drink/vwxrsw1478251483.jpg','Put mint with lemon juice in a glas, mash the mint with a spoon, ice, rum & fill up with club soda. Top it with Angostura.'),(251,'Monkey Gland','https://www.thecocktaildb.com/images/media/drink/94psp81504350690.jpg','Shake well over ice cubes in a shaker, strain into a chilled cocktail glass.'),(252,'Mango Mojito','https://www.thecocktaildb.com/images/media/drink/wfqmgm1630406820.jpg','Squeeze the juice from 1½ limes and blend with the mango to give a smooth purée.\r\nCut the rest of the limes into quarters, and then cut each wedge in half again. Put 2 pieces of lime in a highball glass for each person and add 1 teaspoon of caster sugar and 5-6 mint leaves to each glass. Squish everything together with a muddler or the end of a rolling pin to release all the flavours from the lime and mint.\r\nDivide the mango purée between the glasses and add 30ml white rum and a handful of crushed ice to each one, stirring well to mix everything together. Top up with soda water to serve and garnish with extra mint, if you like.'),(253,'Monkey Wrench','https://www.thecocktaildb.com/images/media/drink/bw2noj1582473243.jpg','Pour all of the ingredients into an old-fashioned glass almost filled with ice cubes. Stir well.'),(254,'Midnight Manx','https://www.thecocktaildb.com/images/media/drink/uqqurp1441208231.jpg','Fill a mixer with ice and add Baileys, Kahlua, Goldshlager, and cream. Shake for 5 seconds and Strain into a double rocks glass filled with ice. Add chilled coffee Stir and enjoy!'),(255,'Mother\'s Milk','https://www.thecocktaildb.com/images/media/drink/7stuuh1504885399.jpg','Shake over ice, strain. Serves two.'),(256,'Midnight Mint','https://www.thecocktaildb.com/images/media/drink/svuvrq1441208310.jpg','If available, rim cocktail (Martini) glass with sugar syrup then dip into chocolate flakes or powder. Add ingredients into shaker with ice. Shake well then strain into cocktail glass.'),(257,'Negroni','https://www.thecocktaildb.com/images/media/drink/qgdu971561574065.jpg','Stir into glass over ice, garnish and serve.'),(258,'New York Sour','https://www.thecocktaildb.com/images/media/drink/61wgch1504882795.jpg','Shake blended whiskey, juice of lemon, and powdered sugar with ice and strain into a whiskey sour glass. Float claret on top. Decorate with the half-slice of lemon and the cherry and serve.'),(259,'Nutty Irishman','https://www.thecocktaildb.com/images/media/drink/xspupx1441248014.jpg','Serve over ice'),(260,'National Aquarium','https://www.thecocktaildb.com/images/media/drink/dlw0om1503565021.jpg','Pour all ingredients into a shaker of ice. Shake well. Serve on the rocks.'),(261,'New York Lemonade','https://www.thecocktaildb.com/images/media/drink/b3n0ge1503565473.jpg','Serve in a chilled cocktail glass. Lemon and sugar the rim. Stir and Strain.'),(262,'Nuked Hot Chocolate','https://www.thecocktaildb.com/images/media/drink/xcu6nb1487603142.jpg','Mix with a bit of milk (1 oz or so) in coffee mug. Nuke mug for about 30-50 seconds. Stir until the heated cocoa dissolves. Fill mug with milk. Nuke for 1-2 minutes, depending on wattage and preferences as to burnt mouth parts.'),(263,'Orgasm','https://www.thecocktaildb.com/images/media/drink/vr6kle1504886114.jpg','Shake all ingredients with ice, strain into a chilled cocktail glass, and serve.'),(264,'Old Pal','https://www.thecocktaildb.com/images/media/drink/x03td31521761009.jpg','Chill cocktail glass. Add ingredients to a mixing glass, and fill 2/3 full with ice. Stir about 20 seconds. Empty cocktail glass and strain into the glass. Garnish with a twist of lemon peel.'),(265,'Orangeade','https://www.thecocktaildb.com/images/media/drink/ytsxxw1441167732.jpg','Place some ice cubes in a large tumbler or highball glass, add lemon juice, orange juice, sugar syrup, and stir well. Top up with cold soda water, serve with a drinking straw.'),(266,'Orange Whip','https://www.thecocktaildb.com/images/media/drink/ttyrxr1454514759.jpg','Pour ingredients over ice and stir.'),(267,'Orange Oasis','https://www.thecocktaildb.com/images/media/drink/su1olx1582473812.jpg','Shake brandy, gin, and orange juice with ice and strain into a highball glass over ice cubes. Fill with ginger ale, stir, and serve.'),(268,'Orange Crush','https://www.thecocktaildb.com/images/media/drink/zvoics1504885926.jpg','Add all ingredients to tumbler-Pour as shot'),(269,'Old Fashioned','https://www.thecocktaildb.com/images/media/drink/vrwquq1478252802.jpg','Place sugar cube in old fashioned glass and saturate with bitters, add a dash of plain water. Muddle until dissolved.\r\nFill the glass with ice cubes and add whiskey.\r\n\r\nGarnish with orange twist, and a cocktail cherry.'),(270,'Oreo Mudslide','https://www.thecocktaildb.com/images/media/drink/tpwwut1468925017.jpg','Blend Vodka, Kahlua, Bailey\'s, ice-cream and the Oreo well in a blender. Pour into a large frosted glass. Garnish with whipped cream and a cherry.'),(271,'Orange Push-up','https://www.thecocktaildb.com/images/media/drink/mgf0y91503565781.jpg','Combine liquors in a blender. Add a half scoop of ice and blend. Garnish with an orange and cherry flag. So good it will melt in your mouth!!!'),(272,'Oatmeal Cookie','https://www.thecocktaildb.com/images/media/drink/bsvmlg1515792693.jpg','Just mix it all together.\r\nIt\'s meant to be a shot, but it works just fine as a proper adult-sized drink over lots of ice.\r\n\r\nTastes like an oatmeal cookie.'),(273,'Orange Rosemary Collins','https://www.thecocktaildb.com/images/media/drink/mokcas1604179977.jpg','Add the spirits to the bottom of the glass and top equally with the mixer drinks. Garnish with orange slices inside the glass as well as some rosemary on top.'),(274,'Orange Scented Hot Chocolate','https://www.thecocktaildb.com/images/media/drink/hdzwrh1487603131.jpg','Combine all ingredients in heavy medium saucepan. Stir over low heat until chocolate melts. Increase heat and bring just to a boil, stirring often. Remove from heat and whisk untily frothy. Return to heat and bring to boil again. Remove from heat, whisk until frothy. Repeat heating and whisking once again. Discard orange peel. (Can be prepared 2 hours ahead. Let stand at room temperature. Before serving, bring just to boil, remove from heat and whisk until frothy.) Pour hot chocolate into coffee mugs. Makes 2 servings.'),(275,'Owen\'s Grandmother\'s Revenge','https://www.thecocktaildb.com/images/media/drink/0wt4uo1503565321.jpg','Add ingredients and mix in blender.'),(276,'Paloma','https://www.thecocktaildb.com/images/media/drink/samm5j1513706393.jpg','Stir together and serve over ice.'),(277,'Pink Gin','https://www.thecocktaildb.com/images/media/drink/qyr51e1504888618.jpg','Pour the bitters into a wine glass. Swirl the glass to coat the inside with the bitters, shake out the excess. Pour the gin into the glass. Do not add ice.'),(278,'Paradise','https://www.thecocktaildb.com/images/media/drink/ejozd71504351060.jpg','Shake together over ice. Strain into cocktail glass and serve chilled.'),(279,'Pink Lady','https://www.thecocktaildb.com/images/media/drink/5ia6j21504887829.jpg','Shake all ingredients with ice, strain into a cocktail glass, and serve.'),(280,'Pegu Club','https://www.thecocktaildb.com/images/media/drink/jfkemm1513703902.jpg','Shake, strain, up, cocktail glass'),(281,'Pink Moon','https://www.thecocktaildb.com/images/media/drink/lnjoc81619696191.jpg','Slowly shake in a shaker with ice, strain into a square whiskey glass. Top with fresh ice. Add the blackberries to garnish. Add flowers and a green leaf for a special look!'),(282,'Pisco Sour','https://www.thecocktaildb.com/images/media/drink/tsssur1439907622.jpg','Vigorously shake and strain contents in a cocktail shaker with ice cubes, then pour into glass and garnish with bitters.\r\n'),(283,'Porto flip','https://www.thecocktaildb.com/images/media/drink/64x5j41504351518.jpg','Shake ingredients together in a mixer with ice. Strain into glass, garnish and serve.'),(284,'Penicillin','https://www.thecocktaildb.com/images/media/drink/hc9b1a1521853096.jpg','Shake blended Scotch, lemon juice, honey syrup and ginger syrup with ice. Strain over large ice in chilled rocks glass. Float smoky Scotch on top (be sure to use a smoky Scotch such as an Islay single malt). Garnish with candied ginger.'),(285,'Pina Colada','https://www.thecocktaildb.com/images/media/drink/cpf4j51504371346.jpg','Mix with crushed ice in blender until smooth. Pour into chilled glass, garnish and serve.'),(286,'Pink Penocha','https://www.thecocktaildb.com/images/media/drink/6vigjx1503564007.jpg','mix all ingredients into bowl keep iced stir frequently'),(287,'Pure Passion','https://www.thecocktaildb.com/images/media/drink/4tymma1604179273.jpg','Mix up all ingredients with a cocktail stirrer and serve with crushed ice with mint and edible flour if available.'),(288,'Popped cherry','https://www.thecocktaildb.com/images/media/drink/sxvrwv1473344825.jpg','Served over ice in a tall glass with a popped cherry (can add more popped cherries if in the mood)!'),(289,'Poppy Cocktail','https://www.thecocktaildb.com/images/media/drink/cslw1w1504389915.jpg','Shake ingredients with ice, strain into a cocktail glass, and serve.'),(290,'Port Wine Flip','https://www.thecocktaildb.com/images/media/drink/vrprxu1441553844.jpg','Shake all ingredients (except nutmeg) with ice and strain into a whiskey sour glass. Sprinkle nutmeg on top and serve.'),(291,'Planter\'s Punch','https://www.thecocktaildb.com/images/media/drink/fdk8a31606854815.jpg','Pour all ingredients, except the bitters, into shaker filled with ice. Shake well. Pour into large glass, filled with ice. Add Angostura bitters, \"on top\". Garnish with cocktail cherry and pineapple.'),(292,'Pineapple Paloma','https://www.thecocktaildb.com/images/media/drink/pg8iw31593351601.jpg','Rub the rim of each glass with lime slice and dip into salt.\r\nAdd ice, tequila, grapefruit juice, lime juice and top with pineapple soda.\r\nGive it a quick stir.\r\nGarnish with fresh pineapple or lime.'),(293,'Pornstar Martini','https://www.thecocktaildb.com/images/media/drink/xjhjdf1630406071.jpg','Straight: Pour all ingredients into mixing glass with ice cubes. Shake well. Strain in chilled martini cocktail glass. Cut passion fruit in half and use as garnish. Pour prosecco into a chilled shot glass and serve alongside the martini.'),(294,'Planter’s Punch','https://www.thecocktaildb.com/images/media/drink/jn6o251643844541.jpg','Squeeze an orange and strain the juice. Put all the ingredients in a shaker filled with ice and shake for at least 12 seconds. Strain into a highball glass and decorate with a pineapple wedge or fruit of your choice.'),(295,'Port And Starboard','https://www.thecocktaildb.com/images/media/drink/wxvupx1441553911.jpg','Pour carefully into a pousse-cafe glass, so that creme de menthe floats on grenadine. Serve without mixing.'),(296,'Port Wine Cocktail','https://www.thecocktaildb.com/images/media/drink/qruprq1441553976.jpg','Stir ingredients with ice, strain into a cocktail glass, and serve.'),(297,'Pysch Vitamin Light','https://www.thecocktaildb.com/images/media/drink/xsqsxw1441553580.jpg','Shake with ice.'),(298,'Pink Panty Pulldowns','https://www.thecocktaildb.com/images/media/drink/squsuy1468926657.jpg','Shake well'),(299,'Passion Fruit Martini','https://www.thecocktaildb.com/images/media/drink/6trfve1582473527.jpg','Pour all ingredients into a glass and stir. Garnish with half a passion fruit piece.'),(300,'Pineapple Gingerale Smoothie','https://www.thecocktaildb.com/images/media/drink/eg9i1d1487603469.jpg','Throw everything into a blender and liquify.'),(301,'Quentin','https://www.thecocktaildb.com/images/media/drink/spxtqp1478963398.jpg','In a shaker half-filled with ice cubes, combine the rum, Kahlua, and cream. Shake well. Strain into a cocktail glass and garnish with the nutmeg.'),(302,'Queen Bee','https://www.thecocktaildb.com/images/media/drink/rvvpxu1478963194.jpg','Shake all ingredients with ice, strain into a cocktail glass, and serve.'),(303,'Quick F**K','https://www.thecocktaildb.com/images/media/drink/wvtwpp1478963454.jpg','In a shot glass add 1/3 Kahlua first. Then 1/3 Miduri, topping it off with a 1/3 bailey\'s irish cream'),(304,'Quick-sand','https://www.thecocktaildb.com/images/media/drink/vprxqv1478963533.jpg','Simply add the orange juice, quite a quick pour in order to mix the sambucca with the orange juice. The juice MUST have fruit pulp!'),(305,'Queen Charlotte','https://www.thecocktaildb.com/images/media/drink/vqruyt1478963249.jpg','Pour red wine and grenadine into a collins glass over ice cubes. Fill with lemon-lime soda, stir, and serve.'),(306,'Queen Elizabeth','https://www.thecocktaildb.com/images/media/drink/vpqspv1478963339.jpg','Stir all ingredients with ice, strain into a cocktail glass, and serve.'),(307,'Quaker\'s Cocktail','https://www.thecocktaildb.com/images/media/drink/yrqppx1478962314.jpg','Shake all ingredients with ice, strain into a cocktail glass, and serve.'),(308,'Quarter Deck Cocktail','https://www.thecocktaildb.com/images/media/drink/qrwvps1478963017.jpg','Stir all ingredients with ice, strain into a cocktail glass, and serve.'),(309,'Rose','https://www.thecocktaildb.com/images/media/drink/8kxbvq1504371462.jpg','Shake together in a cocktail shaker, then strain into chilled glass. Garnish and serve.'),(310,'Radler','https://www.thecocktaildb.com/images/media/drink/xz8igv1504888995.jpg','Pour beer into large mug, slowly add the 7-up (or Sprite).'),(311,'Rum Sour','https://www.thecocktaildb.com/images/media/drink/bylfi21504886323.jpg','In a shaker half-filled with ice cubes, combine the rum, lemon juice, and sugar. Shake well. Strain into a sour glass and garnish with the orange slice and the cherry.'),(312,'Rum Toddy','https://www.thecocktaildb.com/images/media/drink/athdk71504886286.jpg','Dissolve powdered sugar in water in an old-fashioned glass. Add rum and one ice cube and stir. Add the twist of lemon peel and serve.'),(313,'Rum Punch','https://www.thecocktaildb.com/images/media/drink/wyrsxu1441554538.jpg','Mix all ingredients in a punch bowl and serve.'),(314,'Royal Fizz','https://www.thecocktaildb.com/images/media/drink/wrh44j1504390609.jpg','Shake all ingredients (except cola) with ice and strain into a chilled collins glass. Fill with cola and serve.'),(315,'Rum Cooler','https://www.thecocktaildb.com/images/media/drink/2hgwsb1504888674.jpg','Pour the rum and soda into a collins glass almost filled with ice cubes. Stir well and garnish with the lemon wedge.'),(316,'Rusty Nail','https://www.thecocktaildb.com/images/media/drink/yqsvtw1478252982.jpg','Pour the Scotch and Drambuie into an old-fashioned glass almost filled with ice cubes. Stir well. Garnish with the lemon twist.'),(317,'Rum Runner','https://www.thecocktaildb.com/images/media/drink/vqws6t1504888857.jpg','Mix all ingredients in glass & add ice.'),(318,'Rum Cobbler','https://www.thecocktaildb.com/images/media/drink/5vh9ld1504390683.jpg','In an old-fashioned glass, dissolve the sugar in the club soda. Add crushed ice until the glass is almost full. Add the rum. Stir well. Garnish with the cherry and the orange and lemon slices.'),(319,'Red Snapper','https://www.thecocktaildb.com/images/media/drink/7p607y1504735343.jpg','One shot each, shake n shoot'),(320,'Royal Flush','https://www.thecocktaildb.com/images/media/drink/7rnm8u1504888527.jpg','Pour all the ingredients into tumbler over ice. Strain into glass.'),(321,'Royal Bitch','https://www.thecocktaildb.com/images/media/drink/qupuyr1441210090.jpg','Into a shot glass layer the Crown Royal on top of the Frangelico.'),(322,'Ruby Tuesday','https://www.thecocktaildb.com/images/media/drink/qsyqqq1441553437.jpg','Pour gin and cranberry into a highball filled with ice cubes. Add grenadine and stir.'),(323,'Rail Splitter','https://www.thecocktaildb.com/images/media/drink/stsuqq1441207660.jpg','Mix sugar syrup with lemon juice in a tall glass. Fill up with ginger ale.'),(324,'Rosemary Blue','https://www.thecocktaildb.com/images/media/drink/qwc5f91512406543.jpg','1) Add the Bombay Sapphire, Blue Curacao, rosemary sprig and gently squeezed lemon wedge to a balloon glass. Swirl well to combine.\r\n2) Fill with cubed ice and top with the Fever-Tree Light Tonic Water.\r\n3) Gently fold with a bar spoon to mix.'),(325,'Royal Gin Fizz','https://www.thecocktaildb.com/images/media/drink/pe1x1c1504735672.jpg','Shake all ingredients (except carbonated water) with ice and strain into a highball glass over two ice cubes. Fill with carbonated water, stir, and serve.'),(326,'Rum Milk Punch','https://www.thecocktaildb.com/images/media/drink/w64lqm1504888810.jpg','Shake all ingredients (except nutmeg) with ice and strain into a collins glass. Sprinkle nutmeg on top and serve.'),(327,'Ramos Gin Fizz','https://www.thecocktaildb.com/images/media/drink/967t911643844053.jpg','Prepare all the ingredients on the counter to be able to work well and quickly, especially the cream and egg white.\r\n\r\nPour all the ingredients into a shaker.\r\n\r\nShake vigorously for 1 minute: cream and egg white must be mixed perfectly, so don\'t rush.\r\n\r\nNow open the shaker and put some ice and shake for 1-2 minutes. It depends on how long you can resist!\r\n\r\nPour into a highball glass, add a splash of soda and garnish to taste.\r\n\r\nRamos Gin Fizz was once drunk as an invigorating drink or even as a breakfast, try it as an aperitif and after dinner and you will discover a little gem now lost.'),(328,'Raspberry Julep','https://www.thecocktaildb.com/images/media/drink/hyztmx1598719265.jpg','Softly muddle the mint leaves and raspberry syrup in the bottom of the cup. Add crushed ice and Bourbon to the cup and then stir. Top with more ice, garnish with a mint sprig.'),(329,'Rum Screwdriver','https://www.thecocktaildb.com/images/media/drink/4c85zq1511782093.jpg','Pour rum into a highball glass over ice cubes. Add orange juice, stir, and serve.'),(330,'Raspberry Cooler','https://www.thecocktaildb.com/images/media/drink/suqyyx1441254346.jpg','Pour the raspberry vodka and soda into a highball glass almost filled with ice cubes. Stir well.'),(331,'Rum Old-fashioned','https://www.thecocktaildb.com/images/media/drink/otn2011504820649.jpg','Stir powdered sugar, water, and bitters in an old-fashioned glass. When sugar has dissolved add ice cubes and light rum. Add the twist of lime peel, float 151 proof rum on top, and serve.'),(332,'Russian Spring Punch','https://www.thecocktaildb.com/images/media/drink/ctt20s1504373488.jpg','Pour the ingredients into an highball glass, top with Sparkling wine.'),(333,'Radioactive Long Island Iced Tea','https://www.thecocktaildb.com/images/media/drink/rdvqmh1503563512.jpg','Pour all ingredients over ice in a very tall glass. Sip cautiously.'),(334,'Smut','https://www.thecocktaildb.com/images/media/drink/rx8k8e1504365812.jpg','Throw it all together and serve real cold.'),(335,'Spritz','https://www.thecocktaildb.com/images/media/drink/j9evx11504373665.jpg','Build into glass over ice, garnish and serve.'),(336,'Sazerac','https://www.thecocktaildb.com/images/media/drink/vvpxwy1439907208.jpg','Rinse a chilled old-fashioned glass with the absinthe, add crushed ice, and set it aside. Stir the remaining ingredients over ice and set it aside. Discard the ice and any excess absinthe from the prepared glass, and strain the drink into the glass. Add the lemon peel for garnish.'),(337,'Scooter','https://www.thecocktaildb.com/images/media/drink/twuptu1483388307.jpg','Shake all ingredients well with cracked ice, strain into a cocktail glass, and serve.'),(338,'Sidecar','https://www.thecocktaildb.com/images/media/drink/x72sik1606854964.jpg','Pour all ingredients into cocktail shaker filled with ice. Shake well and strain into cocktail glass.'),(339,'Sangria','https://www.thecocktaildb.com/images/media/drink/xrvxpp1441249280.jpg','Mix all together in a pitcher and refrigerate. Add cloves and cinnamon sticks to taste. Serve in wine glasses.'),(340,'Stinger','https://www.thecocktaildb.com/images/media/drink/2ahv791504352433.jpg','Pour in a mixing glass with ice, stir and strain into a cocktail glass. May also be served on rocks in a rocks glass.'),(341,'Snowday','https://www.thecocktaildb.com/images/media/drink/4n1ipk1614009624.jpg','Stir all ingredients with ice. Strain into a chilled rocks glass over fresh ice. Express orange peel over drink and garnish.'),(342,'Snowball','https://www.thecocktaildb.com/images/media/drink/7ibfs61504735416.jpg','Place one ice cube in the glass and add 1 1/2 oz of Advocaat. Fill up the glass with lemonade and decorate with a slice of lemon. Serve at once.'),(343,'Shot-gun','https://www.thecocktaildb.com/images/media/drink/2j1m881503563583.jpg','Pour one part Jack Daneils and one part Jim Beam into shot glass then float Wild Turkey on top.'),(344,'Spice 75','https://www.thecocktaildb.com/images/media/drink/0108c41576797064.jpg','Gently warm 60g golden caster sugar in a pan with 30ml water and 1 tbsp allspice. Cook gently until the sugar has dissolved, then leave the mixture to cool. Strain through a sieve lined with a coffee filter (or a double layer of kitchen paper).\r\n\r\nPour 60ml of the spiced syrup into a cocktail shaker along with 200ml rum and 90ml lime juice. Shake with ice and strain between six flute glasses. Top up with 600ml champagne and garnish each with an orange twist.'),(345,'Salty Dog','https://www.thecocktaildb.com/images/media/drink/4vfge01504890216.jpg','Pour all ingredients over ice cubes in a highball glass. Stir well and serve. (Vodka may be substituted for gin, if preferred.)'),(346,'Stone Sour','https://www.thecocktaildb.com/images/media/drink/vruvtp1472719895.jpg','Shake all ingredients with ice, strain into a chilled whiskey sour glass, and serve.'),(347,'Sea breeze','https://www.thecocktaildb.com/images/media/drink/7rfuks1504371562.jpg','Build all ingredients in a highball glass filled with ice. Garnish with lime wedge.'),(348,'Scotch Sour','https://www.thecocktaildb.com/images/media/drink/0dnb6k1504890436.jpg','Shake scotch, juice of lime, and powdered sugar with ice and strain into a whiskey sour glass. Decorate with 1/2 slice lemon, top with the cherry, and serve.'),(349,'Screwdriver','https://www.thecocktaildb.com/images/media/drink/8xnyke1504352207.jpg','Mix in a highball glass with ice. Garnish and serve.'),(350,'Sherry Flip','https://www.thecocktaildb.com/images/media/drink/qrryvq1478820428.jpg','Shake all ingredients (except nutmeg) with ice and strain into a whiskey sour glass. Sprinkle nutmeg on top and serve.'),(351,'Sweet Tooth','https://www.thecocktaildb.com/images/media/drink/j6rq6h1503563821.jpg','Put 2 shots Godiva Liquour into a glass, add as much or as little milk as you would like.'),(352,'Sol Y Sombra','https://www.thecocktaildb.com/images/media/drink/3gz2vw1503425983.jpg','Shake ingredients with ice, strain into a brandy snifter, and serve. (The English translation of the name of this drink is \"Sun and Shade\", and after sampling this drink, you\'ll understand why. Thanks, Kirby.)'),(353,'Shark Attack','https://www.thecocktaildb.com/images/media/drink/uv96zr1504793256.jpg','Mix lemonade and water according to instructions on back of can. If the instructions say to add 4 1/3 cans of water do so. Mix into pitcher. Add 1 1/2 cup of Vodka (Absolut). Mix well. Pour into glass of crushed ice. Excellent!'),(354,'Sherry Eggnog','https://www.thecocktaildb.com/images/media/drink/xwrpsv1478820541.jpg','Shake sherry, powdered sugar, and egg with ice and strain into a collins glass. Fill with milk and stir. Sprinkle nutmeg on top and serve.'),(355,'Sweet Bananas','https://www.thecocktaildb.com/images/media/drink/sxpcj71487603345.jpg','Place all ingredients in the blender jar - cover and whiz on medium speed until well blended. Pour in one tall, 2 medium or 3 small glasses and drink up.'),(356,'Sweet Sangria','https://www.thecocktaildb.com/images/media/drink/uqqvsp1468924228.jpg','Dissolve the sugar in hot water and cool. Peel the citrus fruits and break into wedges. Mix the wine, sugar syrup, fruit, and Fresca in a pitcher and put in the fridge for a few hours. Serve in tall glasses with a straw.'),(357,'San Francisco','https://www.thecocktaildb.com/images/media/drink/szmj2d1504889961.jpg','Take a tall glass and put in a few ice cubes, fill the vodka over it and fill with juice then the \"creme\", to end fill in the grenadine but very carefully at the side of the glass so it will lay down in the bottom. garnish with orange and strawberry.'),(358,'Space Odyssey','https://www.thecocktaildb.com/images/media/drink/vxtjbx1504817842.jpg','Fill glass with ice and add shots of Bacardi and Malibu. Add splash of pineapple juice and top with orange juice. Add grenadine for color and garnish with cherries.'),(359,'Thriller','https://www.thecocktaildb.com/images/media/drink/rvuswq1461867714.jpg','In a shaker half-filled with ice cubes, combine all of the ingredients. Shake well. Strain into a cocktail glass.'),(360,'Tia-Maria','https://www.thecocktaildb.com/images/media/drink/sih81u1504367097.jpg','Boil water, sugar and coffe for 10 mins and let cool. Add rum and vanilla. Put in clean bottle(s) and leave for 1 week before using.'),(361,'Tipperary','https://www.thecocktaildb.com/images/media/drink/b522ek1521761610.jpg','Stir over ice. Strain into chilled glass. Cut a wide swath of orange peel, and express the orange oils over the drink. Discard orange twist.'),(362,'The Galah','https://www.thecocktaildb.com/images/media/drink/sy7y6r1614775067.jpg','Mix together the alcoholic portions and top with Pineapple and Lime juice.'),(363,'Turkeyball','https://www.thecocktaildb.com/images/media/drink/rxurpr1441554292.jpg','Shake with ice and strain into a shot glass.'),(364,'Tom Collins','https://www.thecocktaildb.com/images/media/drink/7cll921606854636.jpg','In a shaker half-filled with ice cubes, combine the gin, lemon juice, and sugar. Shake well. Strain into a collins glass alomst filled with ice cubes. Add the club soda. Stir and garnish with the cherry and the orange slice.'),(365,'Tomato Tang','https://www.thecocktaildb.com/images/media/drink/869qr81487603278.jpg','Place all ingredients in the blender jar - cover and whiz on medium speed until well blended. Pour in one tall, 2 medium or 3 small glasses and drink up.'),(366,'Thai Coffee','https://www.thecocktaildb.com/images/media/drink/wquwxs1441247025.jpg','Place the coffee and spices in the filter cone of your coffee maker. Brew coffee as usual, let it cool. In a tall glass, dissolve 1 or 2 teaspoons of sugar in an ounce of the coffee (it\'s easier to dissolve than if you put it right over ice). Add 5-6 ice cubes and pour coffee to within about 1 inch of the top of the glass. Rest a spoon on top of the coffee and slowly pour whipping cream into the spoon. This will make the cream float on top of the coffee rather than dispersing into it right away.'),(367,'Texas Sling','https://www.thecocktaildb.com/images/media/drink/ypl13s1504890158.jpg','Blend with Ice until smooth. Serve in a tulip glass, top with whip cream.'),(368,'Tequila Fizz','https://www.thecocktaildb.com/images/media/drink/2bcase1504889637.jpg','Shake all ingredients (except ginger ale) with ice and strain into a collins glass over ice cubes. Fill with ginger ale, stir, and serve.'),(369,'Tequila Sour','https://www.thecocktaildb.com/images/media/drink/ek0mlq1504820601.jpg','Shake tequila, juice of lemon, and powdered sugar with ice and strain into a whiskey sour glass. Add the half-slice of lemon, top with the cherry, and serve.'),(370,'Talos Coffee','https://www.thecocktaildb.com/images/media/drink/rswqpy1441246518.jpg','Add your GM and then add your coffee.'),(371,'Tennesee Mud','https://www.thecocktaildb.com/images/media/drink/txruqv1441245770.jpg','Mix Coffee, Jack Daniels and Amaretto. Add Cream on top.'),(372,'Turf Cocktail','https://www.thecocktaildb.com/images/media/drink/utypqq1441554367.jpg','Stir all ingredients (except orange peel) with ice and strain into a cocktail glass. Add the twist of orange peel and serve.'),(373,'Thai Iced Tea','https://www.thecocktaildb.com/images/media/drink/trvwpu1441245568.jpg','Combine Thai tea (i.e., the powder), boiling water, and sweetened condensed milk, stir until blended. Pour into 2 tall glasses filled with ice cubes. Garnish with mint leaves. Makes 2 servings.'),(374,'The Last Word','https://www.thecocktaildb.com/images/media/drink/91oule1513702624.jpg','Shake with ice and strain into a cocktail glass.'),(375,'The Laverstoke','https://www.thecocktaildb.com/images/media/drink/6xfj5t1517748412.jpg','1) Squeeze two lime wedges into a balloon glass then add the cordial, Bombay Sapphire and MARTINI Rosso Vermouth, swirl to mix.\r\n\r\n2) Fully fill the glass with cubed ice and stir to chill.\r\n\r\n3) Top with Fever-Tree Ginger Ale and gently stir again to combine.\r\n\r\n4) Garnish with a snapped ginger slice and an awoken mint sprig.'),(376,'Tuxedo Cocktail','https://www.thecocktaildb.com/images/media/drink/4u0nbl1504352551.jpg','Stir all ingredients with ice and strain into a cocktail glass. Garnish with a cherry and a twist of lemon zest.'),(377,'Tequila Sunrise','https://www.thecocktaildb.com/images/media/drink/quqyqp1480879103.jpg','Pour the tequila and orange juice into glass over ice. Add the grenadine, which will sink to the bottom. Stir gently to create the sunrise effect. Garnish and serve.'),(378,'Tequila Slammer','https://www.thecocktaildb.com/images/media/drink/43uhr51551451311.jpg','Mix carefully to avoid releasing the dissolved CO2.'),(379,'The Philosopher','https://www.thecocktaildb.com/images/media/drink/sp8hkp1596017787.jpg','Add all the spirits in a shaker (best to use Hendricks gin) as well as the orange bitters and lemon juice. Strain into a Margarita glass, top with Prosecco.'),(380,'Thai Iced Coffee','https://www.thecocktaildb.com/images/media/drink/rqpypv1441245650.jpg','Prepare a pot of coffee at a good European strength. In the ground coffee, add 2 or 3 freshly ground cardamom pods. Sweeten while hot, then cool quickly. Serve in highball glass over ice, with cream. To get the layered effect, place a spoon atop the coffee and pour the milk carefully into the spoon so that it floats on the top of the coffee.'),(381,'Tequila Surprise','https://www.thecocktaildb.com/images/media/drink/8189p51504735581.jpg','Fill shot glass with Tequila. Add drops of Tobasco sauce.'),(382,'The Jimmy Conway','https://www.thecocktaildb.com/images/media/drink/wbcvyo1535794478.jpg','Fill glass with ice\r\nPour in The Irishman and Disaronno\r\nFill to the top with Cranberry Juice\r\nGarnish with a slice of lemon…Enjoy!'),(383,'Texas Rattlesnake','https://www.thecocktaildb.com/images/media/drink/rtohqp1504889750.jpg','Mix all ingredients and Shake well. Sweet at first, with a BITE at the end...'),(384,'Victor','https://www.thecocktaildb.com/images/media/drink/voapgc1492976416.jpg','Shake all ingredients with ice, strain into a cocktail glass, and serve.'),(385,'Vesper','https://www.thecocktaildb.com/images/media/drink/mtdxpa1504374514.jpg','Shake over ice until well chilled, then strain into a deep goblet and garnish with a thin slice of lemon peel.'),(386,'Vesuvio','https://www.thecocktaildb.com/images/media/drink/26cq601492976203.jpg','Shake all ingredients with ice, strain into an old-fashioned glass over ice cubes, and serve.'),(387,'Veteran','https://www.thecocktaildb.com/images/media/drink/iwml9t1492976255.jpg','Pour the rum and cherry brandy into an old-fashioned glass almost filled with ice cubes. Stir well.'),(388,'Vampiro','https://www.thecocktaildb.com/images/media/drink/yfhn371504374246.jpg','Vampiros may be made in a tall glass or an old fashioned glass. Bartenders may first \"rim\" the glass with Kosher Salt, which is done by placing a layer of Kosher Salt on a chopping board, moistening the glass\' rim with lime juice or water, and then placing the upside down glass rim onto the Kosher Salt, so that the salt sticks to the moistened rim. The second step is to fill half the glass with ice and add one or two shooter glasses full of high quality Tequila. The next stage is to add the flavouring elements. This is done by squeezing a fresh lime into the glass, adding a few grains of salt, adding citrus-flavoured soda pop, until the glass is 4/5 full, and then adding spicy Viuda de Sanchez (or orange juice, lime juice and pico de gallo). The final step is to stir the ingredients so that the flavours are properly blended.'),(389,'Van Vleet','https://www.thecocktaildb.com/images/media/drink/fgq2bl1492975771.jpg','Shake all ingredients with ice, strain into an old-fashioned glass over ice cubes, and serve.'),(390,'Vodka Fizz','https://www.thecocktaildb.com/images/media/drink/xwxyux1441254243.jpg','Blend all ingredients, save nutmeg. Pour into large white wine glass and sprinkle nutmeg on top.'),(391,'Vodka Slime','https://www.thecocktaildb.com/images/media/drink/apex461643588115.jpg','Fill glass with ice. Add vodka, 7-up then finish with the lime juice.'),(392,'Vodka Lemon','https://www.thecocktaildb.com/images/media/drink/mql55h1643820632.jpg','The vodka lemon is prepared directly in a highball glass or in a large tumbler: put 6-7 ice cubes in the glass, pour the vodka, lemonade and mix with a bar spoon. Finally decorate with a slice of lemon and, if you prefer, add a few mint leaves. Your vodka lemon is ready to be served.'),(393,'Vodka Tonic','https://www.thecocktaildb.com/images/media/drink/9koz3f1643821062.jpg','Wash and cut 1 wedge and 1 slice of lime or lemon.\r\nFill a tumbler with fresh ice.\r\nPour the desired dose of vodka and top up with the tonic.\r\nSqueeze the lime wedge into the glass and decorate with the slice.\r\nThat\'s all, very simple: it\'s just the recipe for happiness!'),(394,'Vodka Martini','https://www.thecocktaildb.com/images/media/drink/qyxrqw1439906528.jpg','Shake the vodka and vermouth together with a number of ice cubes, strain into a cocktail glass, add the olive and serve.'),(395,'Vodka Russian','https://www.thecocktaildb.com/images/media/drink/rpttur1454515129.jpg','Mix it as a ordinary drink .'),(396,'Vermouth Cassis','https://www.thecocktaildb.com/images/media/drink/tswpxx1441554674.jpg','Stir vermouth and creme de cassis in a highball glass with ice cubes. Fill with carbonated water, stir again, and serve.'),(397,'Victory Collins','https://www.thecocktaildb.com/images/media/drink/lx0lvs1492976619.jpg','Shake all ingredients (except orange slice) with ice and strain into a collins glass over ice cubes. Add the slice of orange and serve.'),(398,'Vodka And Tonic','https://www.thecocktaildb.com/images/media/drink/lmj2yt1504820500.jpg','Pour vodka into a highball glass over ice cubes. Fill with tonic water, stir, and serve.'),(399,'Valencia Cocktail','https://www.thecocktaildb.com/images/media/drink/9myuc11492975640.jpg','Shake all ingredients with ice, strain into a cocktail glass, and serve.'),(400,'Whisky Mac','https://www.thecocktaildb.com/images/media/drink/yvvwys1461867858.jpg','Pour both of the ingredients into a wine goblet with no ice.'),(401,'Wine Punch','https://www.thecocktaildb.com/images/media/drink/txustu1473344310.jpg','Combine all of the ingredients and pour over a block of ice.'),(402,'White Lady','https://www.thecocktaildb.com/images/media/drink/jofsaz1504352991.jpg','Add all ingredients into cocktail shaker filled with ice. Shake well and strain into large cocktail glass.'),(403,'Wine Cooler','https://www.thecocktaildb.com/images/media/drink/yutxtv1473344210.jpg','Mix wine and soft drink. Pour into glass. Add ice.'),(404,'Winter Rita','https://www.thecocktaildb.com/images/media/drink/fwpd0v1614006733.jpg','Salt rim. Combine all ingredients, shake with ice, and strain over fresh ice.⠀'),(405,'Whiskey Sour','https://www.thecocktaildb.com/images/media/drink/hbkfsh1589574990.jpg','Shake with ice. Strain into chilled glass, garnish and serve. If served \'On the rocks\', strain ingredients into old-fashioned glass filled with ice.'),(406,'White Russian','https://www.thecocktaildb.com/images/media/drink/vsrupw1472405732.jpg','Pour vodka and coffee liqueur over ice cubes in an old-fashioned glass. Fill with light cream and serve.'),(407,'Winter Paloma','https://www.thecocktaildb.com/images/media/drink/u5f0pz1614007748.jpg','Everyone’s favourite Paloma gets a delicious Indian makeover. Tequila reposado infused with “Timur Pepper” which has citrusy & grapefruit notes and is grown at the foothills of Himalaya. It also produces a slightly numbing and tingling sensation on your lip when consumed. We have also spiced up the fresh grapefruit juice with the warming spice blend from Himalaya. The combination of all these interesting elements has allowed us to elevate your Paloma sipping experience.'),(408,'Whitecap Margarita','https://www.thecocktaildb.com/images/media/drink/srpxxp1441209622.jpg','Place all ingredients in a blender and blend until smooth. This makes one drink.'),(409,'White Wine Sangria','https://www.thecocktaildb.com/images/media/drink/hnuod91587851576.jpg','Chop the Lemon, Lime and other fruits into large chunks. Fill the Pitcher with the white wine and mix in the Apple Brandy. Top to taste with soda water.'),(410,'Waikiki Beachcomber','https://www.thecocktaildb.com/images/media/drink/ysuqus1441208583.jpg','Shake all ingredients with ice, strain into a cocktail glass, and serve.'),(411,'Yellow Bird','https://www.thecocktaildb.com/images/media/drink/2t9r6w1504374811.jpg','Shake and strain into a chilled cocktail glass'),(412,'Yoghurt Cooler','https://www.thecocktaildb.com/images/media/drink/trttrv1441254466.jpg','Place all ingredients in the blender jar - cover and whiz on medium speed until well blended. Pour in one tall, 2 medium or 3 small glasses and drink up. Note: Use lots of ice in this one - great on hot days! To add ice: Remove the center of the cover while the blender is on - drop 3 or 4 ice cubs and blend until they\'re completely crushed.'),(413,'Zorro','https://www.thecocktaildb.com/images/media/drink/kvvd4z1485621283.jpg','add all and pour black coffee and add whipped cream on top.'),(414,'Zinger','https://www.thecocktaildb.com/images/media/drink/iixv4l1485620014.jpg','Get a shot glass and pour in three shots of the schnapps. Do the same with the Surge Cola. Then down it like Scheetz would.'),(415,'Zoksel','https://www.thecocktaildb.com/images/media/drink/ft8ed01485620930.jpg','No specific mixinginstructions, just poor every ingredient in one glass. The lemon goes with it.'),(416,'Zombie','https://www.thecocktaildb.com/images/media/drink/2en3jk1509557725.jpg','\r\nBlend at high speed for no more than 5 seconds.\r\n\r\nPour into a glass, add ice cubes to fill, then add the garnish.\r\n\r\n*Donn’s mix: Bring 3 crushed cinnamon sticks, 1 cup of sugar and 1 cup of water to a boil, stirring until the sugar is dissolved.\r\n\r\nSimmer for 2 minutes, then remove from the heat and let sit for at least 2 hours before straining into a clean glass bottle.\r\n\r\nThen add 1 part of the syrup and 2 parts of fresh grapefruit juice together.'),(417,'Zambeer','https://www.thecocktaildb.com/images/media/drink/bje5401485619578.jpg','Mix sambuca with rootbeer and stir. Add ice'),(418,'Zorbatini','https://www.thecocktaildb.com/images/media/drink/wtkqgb1485621155.jpg','Prepare like a Martini. Garnish with a green olive.'),(419,'Zenmeister','https://www.thecocktaildb.com/images/media/drink/qyuvsu1479209462.jpg','Mix together and enjoy'),(420,'Zipperhead','https://www.thecocktaildb.com/images/media/drink/r2qzhu1485620235.jpg','Fill glass with rocks, add straw before putting in liquor. Then add the ingredients in order, trying to keep layered as much as possible (i.e. Chambord on bottom, then Vodka, Then soda on top).'),(421,'Zima Blaster','https://www.thecocktaildb.com/images/media/drink/1wifuv1485619797.jpg','Fill glass with ice. Pour in Chambord, then fill with Zima. Mix and enjoy.'),(422,'Zizi Coin-coin','https://www.thecocktaildb.com/images/media/drink/0fbo2t1485620752.jpg','Pour 5cl of Cointreau on ice, add 2cl of fresh lemon (or lime) juice, stir gently, and finally add slices of lemon/lime in glass.'),(423,'Zippy\'s Revenge','https://www.thecocktaildb.com/images/media/drink/1sqm7n1485620312.jpg','Mix Kool-Aid to taste then add Rum and ammaretto. shake well to disolve the sugar in the Kool-Aid... serve cold'),(424,'Zimadori Zinger','https://www.thecocktaildb.com/images/media/drink/bw8gzx1485619920.jpg','Pour Zima in a collins glass over ice and then pour the shot of Midori. Don\'t stir. Garnish with a cherry.'),(425,'Ziemes Martini Apfelsaft','https://www.thecocktaildb.com/images/media/drink/xnzr2p1485619687.jpg','Serve without ice. At least the juice shold have room temperature.');
/*!40000 ALTER TABLE `tbl_recipes` ENABLE KEYS */;
UNLOCK TABLES;

--
-- Table structure for table `tbl_recipes_categories`
--

DROP TABLE IF EXISTS `tbl_recipes_categories`;
/*!40101 SET @saved_cs_client     = @@character_set_client */;
/*!40101 SET character_set_client = utf8 */;
CREATE TABLE `tbl_recipes_categories` (
  `id` int(11) NOT NULL AUTO_INCREMENT,
  `rec_id` int(11) NOT NULL,
  `cat_id` int(11) NOT NULL,
  PRIMARY KEY (`id`),
  UNIQUE KEY `uq_reccat` (`rec_id`,`cat_id`),
  KEY `fk_reccat_cat` (`cat_id`),
  CONSTRAINT `fk_reccat_cat` FOREIGN KEY (`cat_id`) REFERENCES `tbl_categories` (`cat_id`) ON DELETE CASCADE,
  CONSTRAINT `fk_reccat_rec` FOREIGN KEY (`rec_id`) REFERENCES `tbl_recipes` (`rec_id`) ON DELETE CASCADE
) ENGINE=InnoDB AUTO_INCREMENT=512 DEFAULT CHARSET=utf8mb4;
/*!40101 SET character_set_client = @saved_cs_client */;

--
-- Dumping data for table `tbl_recipes_categories`
--

LOCK TABLES `tbl_recipes_categories` WRITE;
/*!40000 ALTER TABLE `tbl_recipes_categories` DISABLE KEYS */;
INSERT INTO `tbl_recipes_categories` VALUES (1,1,1),(2,2,9),(3,3,1),(4,4,11),(5,5,11),(6,6,9),(7,7,11),(8,8,11),(9,9,6),(10,10,11),(11,11,11),(12,12,11),(13,13,1),(14,14,11),(15,15,11),(16,16,11),(17,17,1),(18,18,11),(19,19,11),(20,20,11),(21,21,11),(22,22,1),(23,23,11),(24,24,7),(25,25,11),(26,26,9),(27,27,9),(28,28,1),(29,29,11),(30,30,9),(31,31,11),(32,32,11),(33,33,11),(34,34,11),(35,35,1),(36,36,11),(37,37,1),(38,38,11),(39,39,5),(40,40,1),(41,41,1),(42,42,11),(43,43,9),(44,44,9),(45,45,9),(46,46,6),(47,47,10),(48,48,11),(49,49,11),(50,50,11),(51,51,11),(52,52,11),(53,53,11),(54,54,11),(55,55,11),(56,56,7),(57,57,1),(58,58,1),(59,59,11),(60,60,11),(61,61,8),(62,62,11),(63,63,11),(64,64,3),(65,65,11),(66,66,5),(67,67,1),(68,68,11),(69,69,11),(70,70,3),(71,71,9),(72,72,8),(73,73,1),(74,74,2),(75,75,3),(76,76,11),(77,77,5),(78,78,11),(79,79,7),(80,80,11),(81,81,10),(82,82,11),(83,83,1),(84,84,9),(85,85,1),(86,86,8),(87,87,1),(88,88,1),(89,89,11),(90,90,9),(91,91,11),(92,92,2),(93,93,1),(94,94,6),(95,95,10),(96,96,11),(97,97,1),(98,98,1),(99,99,10),(100,100,11),(101,101,1),(102,102,10),(103,103,1),(104,104,1),(105,105,7),(106,106,11),(107,107,11),(108,108,11),(109,109,6),(110,110,1),(111,111,6),(112,112,9),(113,113,7),(114,114,1),(115,115,1),(116,116,1),(117,117,11),(118,118,11),(119,119,6),(120,120,9),(121,121,11),(122,122,11),(123,123,9),(124,124,11),(125,125,1),(126,126,11),(127,127,11),(128,128,11),(129,129,1),(130,130,11),(131,131,11),(132,132,11),(133,133,11),(134,134,11),(135,135,11),(136,136,11),(137,137,11),(138,138,11),(139,139,1),(140,140,10),(141,141,1),(142,142,1),(143,143,1),(144,144,11),(145,145,11),(146,146,11),(147,147,1),(148,148,11),(149,149,11),(150,150,11),(151,151,11),(152,152,11),(153,153,7),(154,154,1),(155,155,1),(156,156,7),(157,157,11),(158,158,11),(159,159,1),(160,160,11),(161,161,10),(162,162,7),(163,163,3),(164,164,10),(165,165,11),(166,166,11),(167,167,11),(168,168,11),(169,169,2),(170,170,11),(171,171,11),(172,172,7),(173,173,3),(174,174,11),(175,175,7),(176,176,11),(177,177,5),(178,178,1),(179,179,7),(180,180,1),(181,181,1),(182,182,9),(183,183,9),(184,184,11),(185,185,9),(186,186,11),(187,187,4),(188,188,11),(189,189,4),(190,190,7),(191,191,11),(192,192,11),(193,193,6),(194,194,11),(195,195,11),(196,196,11),(197,197,11),(198,198,7),(199,199,11),(200,200,7),(201,201,1),(202,202,9),(203,203,11),(204,204,9),(205,205,11),(206,206,11),(207,207,9),(208,208,6),(209,209,6),(210,210,6),(211,211,5),(212,212,9),(213,213,11),(214,214,1),(215,215,11),(216,216,11),(217,217,6),(218,218,6),(219,219,6),(220,220,11),(221,221,6),(222,222,6),(223,223,5),(224,224,11),(225,225,11),(226,226,11),(227,227,11),(228,228,1),(229,229,11),(230,230,1),(231,231,6),(232,232,7),(233,233,1),(234,234,11),(235,235,11),(236,236,1),(237,237,11),(238,238,1),(239,239,1),(240,240,1),(241,241,10),(242,242,9),(243,243,11),(244,244,1),(245,245,7),(246,246,10),(247,247,10),(248,248,7),(249,249,1),(250,250,1),(251,251,11),(252,252,1),(253,253,11),(254,254,11),(255,255,9),(256,256,1),(257,257,11),(258,258,11),(259,259,4),(260,260,11),(261,261,1),(262,262,2),(263,263,11),(264,264,1),(265,265,1),(266,266,6),(267,267,11),(268,268,9),(269,269,1),(270,270,11),(271,271,11),(272,272,1),(273,273,1),(274,274,2),(275,275,11),(276,276,1),(277,277,11),(278,278,11),(279,279,11),(280,280,1),(281,281,1),(282,282,1),(283,283,11),(284,284,1),(285,285,11),(286,286,10),(287,287,1),(288,288,11),(289,289,11),(290,290,11),(291,291,10),(292,292,1),(293,293,1),(294,294,1),(295,295,11),(296,296,11),(297,297,11),(298,298,11),(299,299,1),(300,300,6),(301,301,11),(302,302,11),(303,303,9),(304,304,11),(305,305,11),(306,306,11),(307,307,11),(308,308,11),(309,309,11),(310,310,11),(311,311,11),(312,312,11),(313,313,10),(314,314,11),(315,315,11),(316,316,11),(317,317,10),(318,318,11),(319,319,9),(320,320,9),(321,321,9),(322,322,1),(323,323,1),(324,324,1),(325,325,11),(326,326,11),(327,327,1),(328,328,1),(329,329,11),(330,330,6),(331,331,11),(332,332,11),(333,333,11),(334,334,10),(335,335,11),(336,336,11),(337,337,11),(338,338,11),(339,339,10),(340,340,11),(341,341,1),(342,342,11),(343,343,9),(344,344,1),(345,345,11),(346,346,11),(347,347,11),(348,348,11),(349,349,11),(350,350,11),(351,351,4),(352,352,11),(353,353,1),(354,354,11),(355,355,4),(356,356,10),(357,357,11),(358,358,11),(359,359,11),(360,360,3),(361,361,1),(362,362,1),(363,363,9),(364,364,11),(365,365,6),(366,366,7),(367,367,4),(368,368,11),(369,369,11),(370,370,7),(371,371,7),(372,372,11),(373,373,7),(374,374,1),(375,375,1),(376,376,11),(377,377,1),(378,378,9),(379,379,1),(380,380,7),(381,381,9),(382,382,1),(383,383,9),(384,384,11),(385,385,1),(386,386,11),(387,387,11),(388,388,11),(389,389,11),(390,390,6),(391,391,1),(392,392,1),(393,393,1),(394,394,11),(395,395,11),(396,396,11),(397,397,11),(398,398,11),(399,399,11),(400,400,11),(401,401,10),(402,402,11),(403,403,10),(404,404,5),(405,405,11),(406,406,11),(407,407,1),(408,408,6),(409,409,10),(410,410,11),(411,411,1),(412,412,6),(413,413,7),(414,414,8),(415,415,8),(416,416,1),(417,417,8),(418,418,1),(419,419,11),(420,420,9),(421,421,11),(422,422,10),(423,423,1),(424,424,10),(425,425,11);
/*!40000 ALTER TABLE `tbl_recipes_categories` ENABLE KEYS */;
UNLOCK TABLES;

--
-- Table structure for table `tbl_recipes_ingredients`
--

DROP TABLE IF EXISTS `tbl_recipes_ingredients`;
/*!40101 SET @saved_cs_client     = @@character_set_client */;
/*!40101 SET character_set_client = utf8 */;
CREATE TABLE `tbl_recipes_ingredients` (
  `id` int(11) NOT NULL AUTO_INCREMENT,
  `rec_id` int(11) NOT NULL,
  `ing_id` int(11) NOT NULL,
  `uni_id` int(11) NOT NULL,
  `servings` varchar(45) NOT NULL,
  PRIMARY KEY (`id`),
  UNIQUE KEY `uq_reccat` (`rec_id`,`ing_id`,`uni_id`),
  KEY `fk_recing_ing` (`ing_id`),
  KEY `fk_recing_uni` (`uni_id`),
  CONSTRAINT `fk_recing_ing` FOREIGN KEY (`ing_id`) REFERENCES `tbl_ingredients` (`ing_id`) ON DELETE CASCADE,
  CONSTRAINT `fk_recing_rec` FOREIGN KEY (`rec_id`) REFERENCES `tbl_recipes` (`rec_id`) ON DELETE CASCADE,
  CONSTRAINT `fk_recing_uni` FOREIGN KEY (`uni_id`) REFERENCES `tbl_units` (`uni_id`) ON DELETE CASCADE
) ENGINE=InnoDB AUTO_INCREMENT=2048 DEFAULT CHARSET=utf8mb4;
/*!40101 SET character_set_client = @saved_cs_client */;

--
-- Dumping data for table `tbl_recipes_ingredients`
--

LOCK TABLES `tbl_recipes_ingredients` WRITE;
/*!40000 ALTER TABLE `tbl_recipes_ingredients` DISABLE KEYS */;
INSERT INTO `tbl_recipes_ingredients` VALUES (1,1,1,125,'1 3/4'),(2,1,206,125,'1'),(3,1,264,125,'1/4'),(4,1,309,125,'1/8'),(5,2,323,1,'1/3 '),(6,2,297,1,'1/3 '),(7,2,166,1,'1/3 '),(8,3,1,121,'2'),(9,3,309,125,'1/2'),(10,3,103,125,'1/2'),(11,3,184,125,'1/2'),(12,3,156,65,'1/2'),(13,4,240,127,'2'),(14,4,320,127,'1'),(15,4,309,122,'1'),(16,5,85,127,'1'),(17,5,1,127,'1'),(18,5,257,127,'4'),(19,6,307,98,'1'),(20,6,196,127,'1'),(21,7,5,127,'1 1/2'),(22,7,179,127,'1'),(23,8,2,127,'2'),(24,8,262,127,'2'),(25,8,178,127,'2'),(26,8,197,1,''),(27,9,262,128,'4'),(28,9,179,128,'3'),(29,9,329,128,'1'),(30,9,198,1,'1 '),(31,10,316,99,'3'),(32,10,3,107,'1'),(33,10,329,99,'6'),(34,10,320,107,'1 1/2'),(35,10,302,1,''),(36,11,240,127,'1 1/2'),(37,11,4,127,'2'),(38,11,262,127,'3'),(39,12,240,127,'2'),(40,12,203,127,'1'),(41,12,239,1,'1 '),(42,13,1,125,'1 1/2'),(43,13,328,125,'1 1/2'),(44,14,244,127,'1 1/2'),(45,14,289,122,'1 1/2'),(46,14,281,119,'1'),(47,14,227,122,'1'),(48,14,239,1,'1 '),(49,14,219,1,'1 '),(50,15,260,127,'1 1/2'),(51,15,238,127,'1'),(52,15,254,127,'1'),(53,15,259,112,'2'),(54,16,5,127,'1'),(55,16,289,127,'1'),(56,16,320,127,'1'),(57,17,1,128,'4.5'),(58,17,7,128,'1.5'),(59,17,6,128,'1.5'),(60,18,1,127,'1/2'),(61,18,135,78,'1/2'),(62,18,275,127,'2'),(63,18,248,1,''),(64,19,271,127,'1 1/2'),(65,19,254,127,'1'),(66,19,291,127,'1'),(67,20,254,127,'1'),(68,20,164,127,'1'),(69,20,150,122,'1 1/2'),(70,20,320,122,'1 1/2'),(71,20,165,85,'1'),(72,21,238,122,'1 1/2'),(73,21,1,127,'1 1/2'),(74,21,209,112,'2'),(75,22,309,107,'1'),(76,22,262,99,'4'),(77,22,291,99,'4'),(78,23,316,128,'4'),(79,23,281,109,'1'),(80,23,317,1,''),(81,24,203,128,'1'),(82,24,297,128,'1'),(83,24,151,1,'1 1/2 '),(84,24,226,2,'4'),(85,24,228,1,''),(86,25,316,128,'2'),(87,25,188,128,'1'),(88,25,262,1,''),(89,26,203,125,'1/3'),(90,26,312,125,'1/3'),(91,26,206,125,'1/3'),(92,27,297,1,'1/3 '),(93,27,206,1,'1/3 '),(94,27,203,1,'1/4 '),(95,28,224,109,'1'),(96,28,214,1,'1 oz'),(97,28,1,1,'1 oz'),(98,28,238,1,'1 oz'),(99,29,1,127,'1 1/2'),(100,29,289,127,'1'),(101,29,320,122,'1'),(102,29,309,122,'1/2'),(103,29,239,1,'1 '),(104,30,204,127,'1/2'),(105,30,115,127,'1/2'),(106,31,176,127,'6'),(107,31,160,127,'1'),(108,32,1,1,'4 cl'),(109,32,7,128,'1.5'),(110,32,153,1,'1 cl'),(111,32,8,128,'1.5'),(112,33,260,127,'1 1/2'),(113,33,238,127,'1/2'),(114,33,254,127,'1/2'),(115,33,209,112,'2'),(116,34,1,127,'1 1/2'),(117,34,289,127,'1/2'),(118,34,154,127,'1/2'),(119,34,209,112,'2'),(120,34,198,1,'1 '),(121,34,165,85,'1'),(122,35,9,1,'2 oz'),(123,35,254,1,'1 oz'),(124,35,215,127,'1/4'),(125,35,311,112,'3'),(126,35,56,1,'1'),(127,36,1,127,'2'),(128,36,254,127,'1/2'),(129,36,209,112,'2'),(130,36,220,122,'1/2'),(131,36,198,1,'1 '),(132,37,291,128,'10'),(133,37,142,128,'6'),(134,37,320,128,'1'),(135,37,309,128,'1'),(136,38,324,128,'4.5'),(137,38,293,128,'1.5'),(138,38,195,1,'6 cl'),(139,38,310,109,'1'),(140,38,225,1,'top up '),(141,39,89,1,'1 '),(142,39,90,125,'1'),(143,40,10,1,'4 oz'),(144,40,214,1,'1 oz'),(145,40,27,1,'1 oz'),(146,41,307,125,'1'),(147,41,260,125,'1/2'),(148,41,209,106,'3'),(149,41,11,65,'1'),(150,41,321,1,'cubes'),(151,42,238,127,'1'),(152,42,80,127,'1 1/2'),(153,42,165,85,'1'),(154,43,326,127,'1/2'),(155,43,314,127,'1/2'),(156,43,115,127,'1/2'),(157,44,297,127,'1/3'),(158,44,203,127,'1/3'),(159,44,312,127,'1/3'),(160,45,316,1,'1/4 '),(161,45,12,1,'1/4 '),(162,45,262,1,'1/4 '),(163,45,160,1,'1/4 '),(164,46,234,127,'2'),(165,46,289,127,'1/2'),(166,46,282,103,'2'),(167,46,111,127,'2'),(168,47,131,33,'1'),(169,47,316,3,'1'),(170,47,13,1,'2 L '),(171,47,300,1,'2 L '),(172,47,320,4,'1'),(173,47,324,12,'1'),(174,48,316,127,'1 1/2'),(175,48,199,127,'3'),(176,48,320,109,'1'),(177,48,14,122,'1/2'),(178,48,230,106,'2-3'),(179,48,282,49,'1'),(180,49,316,127,'1'),(181,49,154,127,'1'),(182,49,302,1,''),(183,49,273,1,''),(184,50,271,127,'2'),(185,50,322,1,'Juice of 1/2 '),(186,50,272,122,'1'),(187,50,239,1,'1 '),(188,50,322,116,'1'),(189,50,273,1,'1 '),(190,51,1,127,'2'),(191,51,220,122,'1/4'),(192,51,320,122,'1/4'),(193,51,259,112,'2'),(194,51,273,1,'1 '),(195,52,227,122,'2'),(196,52,282,1,'1 '),(197,52,36,127,'2 1/2'),(198,53,244,127,'1 1/4'),(199,53,241,122,'1 1/2'),(200,53,275,119,'1'),(201,54,244,127,'2'),(202,54,282,1,'Juice of 1/2 '),(203,54,303,1,''),(204,55,240,125,'1-2'),(205,55,282,1,'Squeeze '),(206,55,303,1,'Fill with '),(207,55,321,1,''),(208,56,226,1,''),(209,56,184,127,'1/2'),(210,56,289,127,'1/2'),(211,56,236,1,''),(212,57,110,127,'1'),(213,57,205,1,''),(214,58,282,1,'1/2'),(215,58,15,127,'1/3'),(216,58,311,112,'2'),(217,58,16,1,'1 oz'),(218,58,17,1,'1 oz'),(219,59,244,127,'2'),(220,59,289,122,'1 1/2'),(221,59,281,122,'1 1/2'),(222,59,220,122,'1 1/2'),(223,60,1,127,'1 1/2'),(224,60,309,122,'2'),(225,60,322,1,'Juice of 1/2 '),(226,60,239,1,'1 '),(227,61,90,107,'1'),(228,61,303,99,'2'),(229,62,244,127,'1'),(230,62,140,127,'1'),(231,62,322,1,'Juice of 1/2 '),(232,62,272,122,'1'),(233,62,239,1,'1 '),(234,62,255,1,''),(235,63,236,127,'2'),(236,63,289,127,'1/2'),(237,63,320,119,'1'),(238,64,212,95,'2'),(239,64,227,5,'2'),(240,64,226,35,'1/2'),(241,64,33,1,'1/2'),(242,64,316,120,'1 1/2'),(243,64,18,1,''),(244,65,282,1,'2 '),(245,65,227,119,'2'),(246,65,19,127,'2-3'),(247,65,321,1,'crushed '),(248,66,23,114,'1'),(249,66,267,128,'1 1/2'),(250,67,104,127,'1 1/4'),(251,67,281,127,'1/4'),(252,67,319,127,'1/4'),(253,67,178,120,'1/4'),(254,68,1,127,'2'),(255,68,320,127,'1/2'),(256,68,220,122,'1'),(257,68,259,109,'1'),(258,68,34,1,'1 '),(259,69,238,127,'1'),(260,69,80,127,'1/2'),(261,69,261,6,'1/2'),(262,70,226,7,'10'),(263,70,192,119,'4'),(264,70,227,95,'2 1/2'),(265,70,316,20,'1'),(266,70,212,95,'2 1/2'),(267,71,38,125,'1/2'),(268,71,184,125,'1/2'),(269,71,323,109,'1'),(270,72,303,8,'1'),(271,72,320,106,'7'),(272,73,1,127,'3/4'),(273,73,294,127,'3/4'),(274,73,237,127,'3/4'),(275,73,264,127,'3/4'),(276,73,98,109,'1'),(277,74,116,27,'125'),(278,74,184,79,'3/4'),(279,74,212,1,''),(280,75,227,95,'8'),(281,75,212,95,'6'),(282,75,76,12,'1'),(283,75,20,9,'1'),(284,75,21,10,'1'),(285,76,22,1,'6 cl'),(286,76,133,112,'2'),(287,76,219,11,'2'),(288,77,23,12,'1/2'),(289,77,24,12,'1/2'),(290,77,25,109,'1'),(291,78,244,127,'1 1/2'),(292,78,282,1,'Juice of 1/2 '),(293,78,272,122,'1'),(294,79,226,99,'3'),(295,79,131,107,'1'),(296,80,1,127,'1 1/2'),(297,80,205,127,'4'),(298,80,282,1,'1 '),(299,81,148,107,'2'),(300,81,249,107,'1'),(301,81,279,121,'2'),(302,81,307,1,'Float Bacardi '),(303,82,260,127,'2 1/2'),(304,82,254,122,'1 1/2'),(305,82,165,85,'1'),(306,83,1,127,'1 2/3'),(307,83,254,127,'1/3'),(308,83,252,1,'1 '),(309,84,203,1,''),(310,84,312,1,''),(311,84,297,1,''),(312,85,316,1,'70ml/2fl oz'),(313,85,254,13,'1'),(314,85,26,13,'2'),(315,85,322,49,'1'),(316,85,252,1,'1'),(317,86,27,107,'1'),(318,86,317,107,'1'),(319,86,262,107,'1'),(320,86,321,1,'cubes'),(321,87,28,122,'2'),(322,87,282,1,'1'),(323,87,36,127,'2 1/2'),(324,88,124,1,'5 cl'),(325,88,310,128,'2.5'),(326,88,29,128,'2.5'),(327,88,30,128,'1.5'),(328,88,311,112,'2'),(329,88,278,1,'Pinch'),(330,88,31,14,'2'),(331,89,193,1,'5 cl'),(332,89,100,128,'10'),(333,90,118,127,'0.75'),(334,90,55,127,'0.25'),(335,91,32,127,'1 1/2'),(336,91,1,127,'3/4'),(337,91,209,109,'1'),(338,91,165,85,'1'),(339,92,103,127,'2'),(340,92,184,127,'6-8'),(341,92,168,15,'1'),(342,92,33,1,'1 '),(343,92,116,16,'2'),(344,92,208,1,'Fresh '),(345,93,98,121,'2'),(346,93,176,1,'Top'),(347,94,71,119,'2'),(348,94,184,17,'6'),(349,94,317,127,'6'),(350,95,34,1,'6 '),(351,95,184,95,'2'),(352,95,244,120,'1/2'),(353,95,164,120,'1/2'),(354,95,192,122,'1'),(355,95,270,122,'1/4'),(356,95,202,120,'1'),(357,95,239,1,'6 '),(358,95,227,120,'1/4'),(359,95,248,1,'Ground '),(360,96,236,127,'3/4'),(361,96,1,127,'3/4'),(362,96,238,127,'3/4'),(363,96,255,1,''),(364,96,165,1,''),(365,97,316,1,'5 cl'),(366,97,203,1,'1 cl'),(367,97,153,109,'1'),(368,98,324,125,'1'),(369,98,35,125,'1/2'),(370,98,117,125,'1'),(371,98,226,125,'1'),(372,99,183,120,'1/2'),(373,99,227,119,'3'),(374,99,213,18,'13'),(375,99,184,19,'3/4'),(376,99,192,122,'1'),(377,99,324,122,'1'),(378,99,248,1,''),(379,100,258,127,'3/4'),(380,100,1,127,'1 1/2'),(381,100,254,127,'3/4'),(382,100,309,122,'1'),(383,100,320,122,'1/4'),(384,100,273,1,'1 '),(385,101,36,118,'60'),(386,101,282,1,'1'),(387,101,216,1,'3 cl'),(388,102,183,1,'6 '),(389,102,227,120,'1/4'),(390,102,270,122,'1/4'),(391,102,184,20,'1'),(392,102,192,122,'1'),(393,103,37,1,'2 oz'),(394,103,38,127,'3/4'),(395,103,274,127,'1/2'),(396,104,39,118,'750'),(397,104,227,120,'1/2'),(398,104,285,1,'8 oz'),(399,104,264,127,'2-3'),(400,105,226,21,'1/2'),(401,105,184,120,'1/2'),(402,105,227,122,'1-2'),(403,106,323,127,'1/2'),(404,106,135,127,'1/2'),(405,106,275,127,'2'),(406,107,1,127,'1 1/2'),(407,107,227,94,'2'),(408,107,320,127,'1 1/2'),(409,107,176,22,'4'),(410,107,263,1,'1 '),(411,107,198,1,'1 '),(412,108,271,127,'2'),(413,108,147,127,'1/2'),(414,108,322,1,'Juice of 1/4 '),(415,108,282,1,'Juice of 1/2 '),(416,108,322,116,'1'),(417,108,282,116,'1'),(418,109,295,23,'1'),(419,109,185,1,'1 '),(420,109,262,75,'4'),(421,109,296,24,'1/2'),(422,109,321,1,'6 '),(423,110,316,1,'2 oz'),(424,110,186,122,'1'),(425,110,40,1,'3'),(426,110,41,25,'1'),(427,110,311,112,'2'),(428,110,250,1,'Top'),(429,111,329,26,'1'),(430,111,285,120,'1'),(431,111,227,119,'2'),(432,111,322,1,'1 '),(433,111,286,1,'1 '),(434,111,317,1,'1 L '),(435,111,321,1,''),(436,112,314,127,'1/2'),(437,112,312,127,'1/2'),(438,112,316,127,'1/2'),(439,113,226,1,'1/2 '),(440,113,160,1,'1/2 '),(441,114,324,121,'2'),(442,114,42,125,'1'),(443,114,43,125,'1'),(444,114,283,1,'Juice of 1/2'),(445,114,288,1,'Top'),(446,115,316,128,'4.5'),(447,115,44,128,'1.5'),(448,115,45,128,'1.5'),(449,116,1,1,'1 oz'),(450,116,46,1,'1 oz'),(451,116,238,1,'1 oz'),(452,116,172,1,'1'),(453,117,1,127,'2'),(454,117,289,127,'1/2'),(455,118,244,127,'1 1/2'),(456,118,289,119,'1'),(457,118,281,127,'1 1/2'),(458,118,227,122,'1'),(459,118,273,1,'1 '),(460,118,321,76,'1'),(461,119,295,120,'1'),(462,119,47,120,'1'),(463,120,48,127,'1/2'),(464,120,49,127,'1/2'),(465,120,230,109,'1'),(466,121,260,127,'1'),(467,121,238,127,'1'),(468,121,209,109,'1'),(469,121,153,122,'1/4'),(470,122,166,127,'1 1/2'),(471,122,323,127,'3/4'),(472,123,323,127,'1'),(473,123,316,127,'1'),(474,123,307,98,'1'),(475,123,50,127,'1'),(476,123,301,127,'1'),(477,124,312,42,'1/4'),(478,124,51,42,'3/4'),(479,125,203,127,'1'),(480,125,312,127,'1'),(481,125,154,127,'1'),(482,125,297,127,'1'),(483,126,244,127,'2'),(484,126,281,119,'1'),(485,126,219,1,'6 '),(486,126,227,122,'1'),(487,127,244,127,'1 1/2'),(488,127,143,28,'4'),(489,127,281,119,'1'),(490,127,227,122,'1/2'),(491,128,293,121,'2 1/2'),(492,128,205,1,''),(493,128,321,1,''),(494,129,1,127,'2 1/2'),(495,129,310,127,'1/2'),(496,129,243,127,'1/2'),(497,129,282,1,'1'),(498,130,1,127,'2'),(499,130,322,1,'Juice of 1/2 '),(500,130,272,122,'1'),(501,130,255,1,''),(502,131,1,127,'2'),(503,131,320,127,'1'),(504,131,227,94,'1/2'),(505,131,263,1,'1 '),(506,131,198,1,'1 '),(507,132,316,127,'1'),(508,132,323,127,'1'),(509,132,103,127,'1'),(510,133,1,127,'2'),(511,133,320,127,'1'),(512,133,227,94,'1/2'),(513,133,309,122,'1/2'),(514,133,198,1,'1 '),(515,133,263,1,'1 '),(516,134,1,127,'2'),(517,134,322,1,'Juice of 1/2 '),(518,134,272,122,'1'),(519,134,212,122,'1'),(520,134,210,1,'Twist of '),(521,135,1,127,'2'),(522,135,255,127,'1'),(523,135,227,70,'1'),(524,135,219,1,'4 '),(525,135,263,116,'1'),(526,135,273,1,'1 '),(527,136,1,127,'2'),(528,136,212,122,'2'),(529,136,272,122,'1/2'),(530,136,165,85,'1'),(531,137,260,127,'1 1/2'),(532,137,323,127,'3/4'),(533,138,316,127,'1 1/2'),(534,138,323,127,'3/4'),(535,139,52,99,'5'),(536,139,320,99,'3'),(537,139,293,107,'1'),(538,139,53,107,'1'),(539,140,265,1,'1 L '),(540,140,212,118,'125'),(541,140,227,27,'60'),(542,140,168,1,'1 '),(543,140,167,1,'3 '),(544,140,165,119,'1'),(545,141,316,127,'1 1/2'),(546,141,276,1,'3 oz'),(547,142,1,1,'4 cl'),(548,142,250,128,'10'),(549,142,251,116,'1'),(550,142,321,1,'cubes'),(551,143,1,1,'6 cl'),(552,143,264,1,'8 cl'),(553,143,251,116,'1'),(554,143,321,1,'cubes'),(555,144,1,127,'2'),(556,144,255,1,''),(557,144,272,1,''),(558,144,177,1,''),(559,144,165,1,''),(560,145,1,127,'1 1/2'),(561,145,309,122,'1'),(562,145,272,119,'1'),(563,145,143,28,'3'),(564,145,285,1,'2 '),(565,145,255,1,''),(566,146,189,128,'1 1/2'),(567,146,160,128,'1 1/2'),(568,146,154,128,'1 1/2'),(569,146,235,128,'3'),(570,147,1,127,'2'),(571,147,309,122,'1'),(572,147,283,1,'Juice of 1/2 '),(573,147,288,1,'Top up with'),(574,147,282,1,'Garnish'),(575,148,281,127,'1 1/2'),(576,148,227,94,'1'),(577,148,1,127,'2'),(578,148,209,109,'1'),(579,148,197,127,'3'),(580,149,1,127,'1 1/2'),(581,149,289,127,'1'),(582,149,291,127,'1'),(583,149,309,122,'1/2'),(584,149,143,1,'1 '),(585,150,203,127,'1'),(586,150,307,98,'1'),(587,150,309,109,'1'),(588,151,139,127,'3/4'),(589,151,135,78,'3/4'),(590,151,275,127,'3/4'),(591,152,323,107,'1'),(592,152,314,107,'1'),(593,152,203,107,'1'),(594,152,184,99,'2 1/2'),(595,153,54,128,'4'),(596,153,297,128,'8'),(597,153,226,1,''),(598,154,292,1,'6 cl'),(599,154,186,1,'2 cl'),(600,154,264,1,'2 cl'),(601,155,118,118,'50'),(602,155,186,118,'15'),(603,155,168,1,'1'),(604,155,283,1,'1'),(605,155,167,1,'2'),(606,156,55,121,'5'),(607,156,211,1,'very sweet '),(608,157,165,29,'1'),(609,157,236,127,'2'),(610,157,205,127,'5'),(611,157,209,112,'2'),(612,158,110,128,'1 1/2'),(613,158,205,1,''),(614,158,282,1,''),(615,158,321,1,''),(616,159,328,118,'25'),(617,159,56,118,'15'),(618,159,243,118,'10'),(619,159,302,118,'100'),(620,159,123,1,'2'),(621,160,244,127,'1'),(622,160,291,127,'1'),(623,160,320,122,'1'),(624,161,256,1,''),(625,161,57,1,'orange'),(626,161,58,1,''),(627,162,67,125,'1'),(628,162,297,125,'3/4'),(629,162,226,30,'6'),(630,163,227,95,'2 1/2'),(631,163,59,120,'1'),(632,163,226,31,'1 1/2'),(633,163,192,127,'2'),(634,163,212,32,'3'),(635,163,316,33,'1'),(636,164,60,114,'1'),(637,164,172,1,'3'),(638,164,61,1,'1'),(639,164,167,1,'10'),(640,164,218,1,'6'),(641,164,316,128,'20'),(642,165,316,127,'1'),(643,165,293,127,'1/2'),(644,165,262,127,'4'),(645,166,1,127,'2'),(646,166,289,127,'1/2'),(647,166,291,119,'1'),(648,167,324,99,'12'),(649,167,276,99,'8'),(650,167,215,99,'3'),(651,167,310,99,'3'),(652,168,260,127,'1 1/2'),(653,168,238,127,'3/4'),(654,168,259,112,'2'),(655,168,252,1,'1 '),(656,169,116,34,'12'),(657,169,62,122,'1'),(658,169,192,122,'1/2'),(659,169,246,120,'1'),(660,169,63,1,'mini '),(661,170,282,1,'½'),(662,170,191,122,'2'),(663,170,142,1,'4 cl'),(664,170,205,1,'top up with'),(665,170,321,1,'fill'),(666,171,316,127,'1 1/2'),(667,171,64,127,'6'),(668,171,320,1,'to taste'),(669,172,226,35,'1/4'),(670,172,227,120,'1/4'),(671,172,212,47,'1/4'),(672,172,184,52,'4'),(673,173,260,120,'1'),(674,173,246,120,'1 1/4'),(675,173,213,36,'1'),(676,173,65,106,'3'),(677,173,71,119,'1'),(678,174,67,127,'1'),(679,174,66,127,'1/2'),(680,174,262,127,'1'),(681,174,235,127,'1'),(682,174,263,116,'1'),(683,174,273,1,'1 '),(684,175,67,127,'1 1/2'),(685,175,226,127,'8'),(686,175,227,122,'1'),(687,175,208,119,'1'),(688,176,244,127,'1/2'),(689,176,271,127,'1 1/2'),(690,176,322,1,'Juice of 1/2 '),(691,176,272,122,'1'),(692,176,255,1,'Null'),(693,177,316,125,'1'),(694,177,203,125,'1'),(695,177,303,109,'1'),(696,177,68,1,'Fill with '),(697,178,281,128,'4'),(698,178,1,128,'2'),(699,178,69,128,'4'),(700,179,203,122,'2'),(701,179,226,1,'Strong cold '),(702,180,297,127,'3/4'),(703,180,164,127,'3/4'),(704,180,316,127,'3/4'),(705,180,262,127,'2-3'),(706,181,1,37,'2'),(707,181,316,38,'1'),(708,181,309,112,'3'),(709,181,281,125,'1'),(710,181,227,110,'around rim put 1'),(711,181,153,112,'3'),(712,181,317,1,'Fill to top with '),(713,182,297,127,'2/3'),(714,182,318,127,'1/3'),(715,182,153,122,'1'),(716,182,227,39,'2'),(717,183,150,127,'1'),(718,183,221,127,'1'),(719,184,207,127,'1'),(720,184,323,127,'1'),(721,185,316,95,'2'),(722,185,70,40,'3'),(723,185,212,95,'3'),(724,186,164,127,'2'),(725,186,320,127,'1'),(726,186,227,94,'1'),(727,186,197,127,'3'),(728,186,198,1,'1 '),(729,186,263,1,'1 '),(730,187,274,125,'1'),(731,187,244,41,'1'),(732,187,321,1,'cubes'),(733,187,184,1,''),(734,188,271,127,'1 1/2'),(735,188,322,1,'Juice of 1/2 '),(736,188,272,122,'1'),(737,188,140,119,'1'),(738,188,239,1,'1 '),(739,188,255,1,''),(740,189,184,95,'2'),(741,189,71,1,''),(742,189,72,1,''),(743,190,324,42,'1/6'),(744,190,226,43,'1/6'),(745,190,212,44,'1/2'),(746,190,208,1,''),(747,191,1,127,'1 1/2'),(748,191,214,127,'1/2'),(749,191,73,127,'1/2'),(750,192,74,127,'1 1/2'),(751,192,309,122,'1'),(752,192,282,1,'Juice of 1/2 '),(753,193,321,1,'4-5 '),(754,193,75,127,'2'),(755,193,192,122,'1'),(756,193,303,127,'10-12'),(757,194,305,107,'1'),(758,194,176,99,'5'),(759,195,226,107,'1'),(760,195,76,99,'2'),(761,196,316,127,'1'),(762,196,289,127,'1'),(763,196,281,127,'1'),(764,197,305,107,'1'),(765,197,176,99,'5'),(766,198,77,128,'4'),(767,198,211,1,'Turkish apple '),(768,198,227,1,' (if needed)'),(769,199,78,107,'1'),(770,199,79,99,'2'),(771,199,321,1,'cubes'),(772,200,203,127,'1'),(773,200,236,127,'1/2'),(774,200,226,1,''),(775,201,83,1,'1/2'),(776,201,243,122,'1'),(777,201,316,127,'1 1/2'),(778,202,316,125,'1'),(779,202,323,125,'1'),(780,202,80,125,'1'),(781,202,289,125,'1'),(782,202,178,1,''),(783,203,81,128,'4'),(784,203,82,128,'2'),(785,203,253,128,'7'),(786,203,329,128,'8'),(787,203,321,1,'cubes'),(788,204,307,45,'2'),(789,204,325,46,'1/2'),(790,205,164,127,'2'),(791,205,147,127,'1/2'),(792,206,164,127,'3'),(793,206,147,127,'1/2'),(794,206,165,85,'1'),(795,207,325,126,'1/2'),(796,207,316,127,'1/2'),(797,208,83,1,'3 '),(798,208,84,1,'1/2 '),(799,209,218,80,'1'),(800,209,322,1,'1/4 '),(801,209,212,47,'1'),(802,210,282,1,'Juice of 1 '),(803,210,227,119,'1'),(804,210,317,1,' (seltzer water)'),(805,210,159,1,''),(806,211,301,114,'3/4'),(807,211,323,125,'1'),(808,211,262,127,'1'),(809,212,293,127,'1/2'),(810,212,104,127,'1/2'),(811,212,322,1,' wedge'),(812,212,227,1,'Bacardi '),(813,212,307,1,''),(814,213,316,128,'5'),(815,213,282,1,'1/2 '),(816,213,107,112,'4'),(817,213,257,48,'1'),(818,213,321,1,'4 '),(819,214,85,125,'1 1/2'),(820,214,319,125,'1 1/2'),(821,214,322,49,'juice of 1'),(822,215,260,127,'2'),(823,215,149,127,'1/2'),(824,215,254,127,'1/2'),(825,215,165,85,'1'),(826,216,1,127,'1 1/2'),(827,216,220,127,'1/2'),(828,216,259,112,'2'),(829,217,295,120,'1'),(830,217,212,52,'2'),(831,217,270,122,'1'),(832,217,86,110,'1'),(833,218,295,95,'2'),(834,218,321,1,'4-6 '),(835,218,227,1,''),(836,218,282,1,''),(837,218,270,1,''),(838,219,218,50,'2'),(839,219,212,77,'1'),(840,219,322,51,'1'),(841,219,227,120,'1'),(842,219,87,1,'ground '),(843,220,240,127,'1 1/2'),(844,220,88,127,'1/2'),(845,221,295,120,'1'),(846,221,212,52,'2'),(847,221,227,119,'4'),(848,221,270,1,'pinch '),(849,221,320,119,'2'),(850,222,102,1,'2 '),(851,222,295,95,'2'),(852,222,227,120,'1/2'),(853,222,212,53,'1'),(854,223,89,114,'1'),(855,223,90,127,'1'),(856,224,1,127,'2'),(857,224,275,122,'2'),(858,224,272,122,'1'),(859,224,322,1,'Juice of 1/2'),(860,224,239,1,'1 '),(861,224,255,1,''),(862,225,316,127,'1/2'),(863,225,244,127,'1/2'),(864,225,1,127,'1/2'),(865,225,279,127,'1/2'),(866,225,322,1,'Juice of 1/2 '),(867,225,303,108,'1'),(868,226,255,1,''),(869,226,1,1,''),(870,226,254,1,''),(871,226,272,1,''),(872,226,177,1,''),(873,226,165,1,''),(874,227,238,127,'3/4'),(875,227,1,127,'1 1/2'),(876,228,122,118,'30'),(877,228,276,118,'75'),(878,228,288,1,'Top'),(879,229,316,127,'1/2'),(880,229,279,127,'1/2'),(881,229,244,127,'1/2'),(882,229,1,127,'1/2'),(883,229,303,109,'1'),(884,229,165,1,'Twist of '),(885,230,216,122,'2'),(886,230,316,125,'1'),(887,230,288,120,'1/3'),(888,230,91,1,'Top'),(889,231,295,54,'1/2'),(890,231,212,55,'1 1/4'),(891,231,92,56,'1/2'),(892,231,270,122,'1/4'),(893,231,219,57,'1/4'),(894,232,117,1,''),(895,232,186,1,'Unsweetened '),(896,232,105,1,''),(897,233,244,127,'2-3'),(898,233,282,1,'Juice of 1 '),(899,233,227,122,'2'),(900,233,219,1,'2-4 '),(901,233,317,1,''),(902,234,176,1,'Chilled '),(903,234,262,127,'2'),(904,235,244,127,'1'),(905,235,136,127,'1/2'),(906,235,289,127,'1/2'),(907,235,235,127,'1 1/2'),(908,235,273,1,'1 '),(909,236,1,127,'1 2/3'),(910,236,254,127,'1/3'),(911,236,252,1,'1 '),(912,237,279,127,'1 1/2'),(913,237,289,127,'1/2'),(914,237,281,127,'1'),(915,237,270,1,''),(916,238,238,127,'3/4'),(917,238,164,58,'2 1/2'),(918,238,107,1,'dash '),(919,238,321,59,'2'),(920,238,198,1,'1 '),(921,238,210,85,'1'),(922,239,301,1,'4 oz'),(923,239,242,1,'4 oz'),(924,239,310,119,'1'),(925,239,93,1,'Dash'),(926,239,94,1,'Dash'),(927,239,95,1,'Dash'),(928,240,307,98,'5'),(929,240,96,1,'frozen '),(930,240,97,1,'frozen '),(931,241,234,118,'750'),(932,241,262,1,'1 L '),(933,241,161,118,'750'),(934,242,98,1,'2/5 '),(935,242,279,1,'2/5 '),(936,242,309,1,'1/5 '),(937,243,219,65,'4'),(938,243,164,127,'2 1/2'),(939,243,272,122,'1'),(940,243,212,122,'2'),(941,244,1,127,'1 1/2'),(942,244,238,127,'1 1/2'),(943,244,215,122,'1'),(944,244,311,112,'2'),(945,245,212,95,'2'),(946,245,211,122,'3-4'),(947,245,218,60,'1'),(948,245,229,61,'3-4'),(949,245,167,1,'3 '),(950,245,168,62,'1'),(951,245,99,90,'1-2'),(952,245,227,1,' to taste'),(953,245,184,1,''),(954,246,212,95,'3'),(955,246,227,120,'1'),(956,246,167,1,'12 '),(957,246,168,1,'2 '),(958,246,165,1,'1 '),(959,246,265,118,'750'),(960,246,236,120,'1/4'),(961,247,316,127,'2'),(962,247,281,127,'2'),(963,247,205,127,'8'),(964,248,226,127,'6'),(965,248,318,127,'2'),(966,248,105,119,'2'),(967,248,208,1,''),(968,249,1,1,'5 cl'),(969,249,310,1,'2 cl'),(970,249,100,128,'10'),(971,249,101,1,'Chopped'),(972,249,283,1,'Chopped'),(973,250,219,63,'1/2'),(974,250,320,128,'3'),(975,250,240,64,'1/8'),(976,250,197,79,'1/8'),(977,250,107,106,'8'),(978,251,1,127,'2'),(979,251,147,122,'1'),(980,251,262,127,'1/2'),(981,251,309,122,'1'),(982,252,282,1,'3'),(983,252,102,65,'1'),(984,252,219,1,'Sprig'),(985,252,292,118,'200'),(986,252,321,1,'cubes'),(987,252,288,1,'Top'),(988,252,102,1,'Garnish with'),(989,253,244,127,'1 1/2'),(990,253,179,127,'3'),(991,253,209,109,'1'),(992,254,203,127,'1'),(993,254,297,127,'1'),(994,254,115,1,'dash '),(995,254,103,127,'2'),(996,254,226,66,'2'),(997,255,115,127,'1'),(998,255,113,127,'1'),(999,255,184,127,'1'),(1000,256,297,127,'1'),(1001,256,298,127,'3/4'),(1002,256,228,67,'3/4'),(1003,257,1,127,'1'),(1004,257,267,127,'1'),(1005,257,238,127,'1'),(1006,258,271,127,'2'),(1007,258,322,1,'Juice of 1/2 '),(1008,258,227,122,'1'),(1009,258,265,1,' (Claret)'),(1010,258,273,1,''),(1011,259,297,107,'1'),(1012,259,151,107,'1'),(1013,259,184,107,'1'),(1014,260,324,127,'1/2'),(1015,260,316,127,'1/2'),(1016,260,1,127,'1/2'),(1017,260,154,127,'1/2'),(1018,260,111,127,'2'),(1019,260,266,108,'1'),(1020,261,104,127,'2'),(1021,261,206,127,'1'),(1022,261,320,68,'2'),(1023,261,197,127,'1'),(1024,262,105,122,'2'),(1025,262,227,122,'1'),(1026,262,192,122,'1/2'),(1027,262,184,127,'12'),(1028,263,135,78,'1/2'),(1029,263,323,127,'1/2'),(1030,263,289,127,'1/2'),(1031,263,316,127,'1/2'),(1032,263,275,127,'1'),(1033,264,106,1,'2 oz'),(1034,264,267,1,'1 oz'),(1035,264,254,1,'1 oz'),(1036,265,320,128,'5'),(1037,265,262,128,'15'),(1038,265,153,128,'2-3'),(1039,265,317,1,''),(1040,266,262,127,'4'),(1041,266,324,127,'1'),(1042,266,316,127,'1'),(1043,266,228,69,'1'),(1044,266,321,1,'Over '),(1045,267,241,127,'1/2'),(1046,267,1,127,'1 1/2'),(1047,267,262,127,'4'),(1048,267,205,1,''),(1049,268,316,127,'1'),(1050,268,289,127,'1'),(1051,268,262,127,'1'),(1052,269,164,128,'4.5'),(1053,269,107,112,'2'),(1054,269,227,70,'1'),(1055,269,212,1,'dash'),(1056,270,316,127,'1'),(1057,270,203,127,'1'),(1058,270,297,127,'1'),(1059,270,108,71,'2'),(1060,270,109,1,'1 '),(1061,271,110,127,'1.5'),(1062,271,309,127,'0.5'),(1063,271,262,127,'4'),(1064,271,111,108,'1'),(1065,272,203,99,'2'),(1066,272,112,99,'2'),(1067,272,113,99,'4'),(1068,272,114,107,'1'),(1069,272,115,107,'1/2'),(1070,273,1,125,'1'),(1071,273,268,1,'Top'),(1072,273,264,1,'Top'),(1073,273,269,118,'25'),(1074,273,288,1,'Top'),(1075,273,155,1,'Garnish with'),(1076,273,172,1,'Garnish with'),(1077,274,184,95,'2'),(1078,274,116,72,'4'),(1079,274,210,1,'3 2-inch strips '),(1080,274,117,73,'1/2'),(1081,274,248,74,'1/8'),(1082,275,118,127,'12'),(1083,275,301,127,'12'),(1084,275,302,75,'12'),(1085,275,321,76,'1'),(1086,276,119,1,'3 oz'),(1087,276,279,127,'1 1/2'),(1088,277,209,112,'3'),(1089,277,1,127,'2'),(1090,278,1,99,'7'),(1091,278,120,99,'4'),(1092,278,268,99,'3'),(1093,279,1,127,'1 1/2'),(1094,279,309,122,'1'),(1095,279,275,122,'1'),(1096,279,239,1,'1 '),(1097,280,1,127,'1 1/2'),(1098,280,121,127,'3/4'),(1099,280,310,127,'3/4'),(1100,280,311,109,'1'),(1101,280,224,109,'1'),(1102,281,1,125,'1'),(1103,281,122,125,'1'),(1104,281,216,118,'25'),(1105,281,310,118,'30'),(1106,281,123,1,'Garnish with'),(1107,282,124,127,'2'),(1108,282,320,127,'1'),(1109,282,227,119,'1-2'),(1110,282,321,1,'1'),(1111,282,156,1,''),(1112,283,236,99,'3'),(1113,283,140,99,'9'),(1114,283,125,99,'2'),(1115,284,126,1,'2 oz'),(1116,284,264,127,'3/4'),(1117,284,127,122,'2'),(1118,284,128,122,'2'),(1119,284,129,127,'1/4'),(1120,285,244,127,'3'),(1121,285,130,119,'3'),(1122,285,143,119,'3'),(1123,286,131,118,'750'),(1124,286,316,118,'1750'),(1125,286,160,118,'1750'),(1126,286,262,77,'1'),(1127,286,178,77,'1'),(1128,287,324,118,'40'),(1129,287,138,118,'20'),(1130,287,310,118,'30'),(1131,287,132,118,'15'),(1132,287,133,1,'Dash'),(1133,287,219,1,'Garnish with'),(1134,288,316,127,'2'),(1135,288,134,127,'2'),(1136,288,178,127,'4'),(1137,288,262,127,'4'),(1138,289,1,127,'1 1/2'),(1139,289,135,78,'3/4'),(1140,290,140,127,'1 1/2'),(1141,290,275,122,'2'),(1142,290,272,122,'1'),(1143,290,183,90,'1'),(1144,290,248,1,''),(1145,291,240,107,'1'),(1146,291,136,107,'1/2'),(1147,291,262,99,'2'),(1148,291,291,107,'1'),(1149,292,279,1,'4 oz'),(1150,292,276,1,'4 oz'),(1151,292,137,1,'1 oz'),(1152,292,195,1,'8 oz'),(1153,292,282,1,'Garnish with'),(1154,292,278,1,'Rimmed'),(1155,293,316,1,'3 cl'),(1156,293,138,1,'3 cl'),(1157,293,142,1,'1 cl'),(1158,293,282,1,'1 cl'),(1159,293,225,125,'1'),(1160,294,193,128,'4.5'),(1161,294,268,1,'3 cl'),(1162,294,195,128,'3.5'),(1163,294,309,1,'1 cl'),(1164,294,243,1,'1 cl'),(1165,294,311,106,'4'),(1166,295,309,119,'1'),(1167,295,139,127,'1/2'),(1168,296,140,127,'2 1/2'),(1169,296,236,122,'1/2'),(1170,297,262,107,'1'),(1171,297,329,107,'1'),(1172,297,291,107,'1'),(1173,297,321,1,''),(1174,298,249,1,'1 L '),(1175,298,141,95,'2'),(1176,298,316,95,'2'),(1177,299,316,125,'1'),(1178,299,243,125,'1/2'),(1179,299,142,1,'Full Glass'),(1180,300,218,80,'1/4'),(1181,300,143,1,'1/2 '),(1182,301,240,127,'1 1/2'),(1183,301,203,127,'1/2'),(1184,301,275,127,'1'),(1185,301,248,81,'1/8'),(1186,302,144,127,'1'),(1187,302,145,127,'1 1/2'),(1188,302,182,89,'1/2'),(1189,303,203,107,'1'),(1190,303,326,107,'1'),(1191,303,297,107,'1'),(1192,304,146,118,'25'),(1193,304,262,118,'add 250'),(1194,305,265,127,'2'),(1195,305,309,127,'1'),(1196,305,266,1,''),(1197,306,254,127,'1/2'),(1198,306,1,127,'1 1/2'),(1199,306,147,122,'1 1/2'),(1200,307,244,127,'3/4'),(1201,307,236,127,'3/4'),(1202,307,322,1,'Juice of 1/4 '),(1203,307,157,122,'2'),(1204,308,244,1,'1 1/2 '),(1205,308,182,89,'1/3'),(1206,308,282,1,'Juice of 1/2 '),(1207,309,254,127,'1/2'),(1208,309,1,127,'1'),(1209,309,258,127,'1/2'),(1210,309,320,122,'1/2'),(1211,309,309,122,'1'),(1212,309,272,1,''),(1213,310,301,127,'12'),(1214,310,304,127,'12'),(1215,311,244,127,'2'),(1216,311,320,127,'1'),(1217,311,227,94,'1/2'),(1218,311,263,1,'1 '),(1219,311,198,1,'1 '),(1220,312,324,83,'2'),(1221,312,272,122,'2'),(1222,312,165,85,'1'),(1223,312,212,122,'2'),(1224,313,324,1,'mikey bottle '),(1225,313,205,1,'large bottle '),(1226,313,148,82,'355'),(1227,313,262,82,'355'),(1228,313,321,1,'crushed '),(1229,314,1,127,'1'),(1230,314,235,127,'2'),(1231,314,183,90,'1'),(1232,314,303,1,''),(1233,315,324,83,'2'),(1234,315,266,127,'4'),(1235,315,322,1,'1 '),(1236,316,260,127,'1 1/2'),(1237,316,149,127,'1/2'),(1238,316,165,85,'1'),(1239,317,189,127,'1 1/2'),(1240,317,150,127,'1'),(1241,317,262,127,'3-4'),(1242,317,291,127,'3-4'),(1243,317,178,127,'3-4'),(1244,318,227,94,'1'),(1245,318,197,127,'3'),(1246,318,322,1,'1 '),(1247,318,240,127,'2'),(1248,318,198,1,'1 '),(1249,318,263,1,'1 '),(1250,319,152,125,'1'),(1251,319,323,125,'1'),(1252,319,178,125,'1'),(1253,320,152,127,'1 1/2'),(1254,320,160,127,'1'),(1255,320,318,127,'1/2'),(1256,320,178,127,'1'),(1257,321,151,107,'1'),(1258,321,152,107,'1'),(1259,322,1,127,'2'),(1260,322,178,127,'5'),(1261,322,309,84,'2'),(1262,323,153,122,'2'),(1263,323,320,1,''),(1264,323,205,1,''),(1265,324,1,118,'50'),(1266,324,154,118,'15'),(1267,324,250,118,'100'),(1268,324,155,1,'Garnish with'),(1269,325,1,127,'2'),(1270,325,322,1,'Juice of 1/2 '),(1271,325,272,122,'1'),(1272,325,183,90,'1'),(1273,325,255,1,''),(1274,326,244,127,'2'),(1275,326,184,120,'1'),(1276,326,272,122,'1'),(1277,326,248,1,''),(1278,327,1,128,'4.5'),(1279,327,264,1,'3 cl'),(1280,327,243,1,'3 cl'),(1281,327,228,1,'6 cl'),(1282,327,156,1,'1'),(1283,327,192,123,'2'),(1284,327,288,1,'2 cl'),(1285,328,164,1,'2 oz'),(1286,328,157,127,'1/2'),(1287,328,219,1,'8'),(1288,329,244,127,'1 1/2'),(1289,329,262,127,'5'),(1290,330,158,127,'2'),(1291,330,266,127,'4'),(1292,330,321,1,''),(1293,331,244,127,'1 1/2'),(1294,331,307,122,'1'),(1295,331,272,122,'1/2'),(1296,331,209,109,'1'),(1297,331,212,122,'1'),(1298,331,159,1,'Twist of '),(1299,332,316,128,'2.5'),(1300,332,305,128,'1.5'),(1301,332,243,1,'1 cl'),(1302,332,264,128,'2.5'),(1303,333,324,127,'1'),(1304,333,316,127,'1'),(1305,333,279,127,'1'),(1306,333,1,127,'1'),(1307,333,289,127,'1'),(1308,333,318,127,'1'),(1309,333,326,127,'1'),(1310,333,189,127,'1'),(1311,334,265,107,'1/3'),(1312,334,160,125,'1'),(1313,334,161,107,'1/3'),(1314,334,262,107,'1/3'),(1315,335,225,1,'6 cl'),(1316,335,267,1,'4 cl'),(1317,335,288,1,'splash'),(1318,336,162,122,'1'),(1319,336,227,94,'1/2'),(1320,336,163,112,'2'),(1321,336,212,122,'1'),(1322,336,164,127,'2'),(1323,336,165,85,'1'),(1324,337,236,127,'1'),(1325,337,323,127,'1'),(1326,337,275,127,'1'),(1327,338,166,127,'2'),(1328,338,319,127,'1/2'),(1329,338,320,127,'1'),(1330,339,265,114,'1'),(1331,339,227,120,'1/2'),(1332,339,262,120,'1'),(1333,339,320,120,'1'),(1334,339,167,1,''),(1335,339,168,1,''),(1336,340,236,127,'1 1/2'),(1337,340,298,127,'1/2'),(1338,341,316,1,'1 oz'),(1339,341,169,1,'1 oz'),(1340,341,170,1,'1 oz'),(1341,341,171,122,'1'),(1342,341,311,1,'Dash'),(1343,341,172,1,'Garnish with'),(1344,342,173,127,'1 1/2'),(1345,342,302,86,'8-10'),(1346,342,322,116,'1'),(1347,342,321,1,'cubes'),(1348,343,174,107,'1'),(1349,343,207,107,'1'),(1350,343,196,127,'1'),(1351,344,227,118,'60'),(1352,344,175,119,'1'),(1353,344,324,128,'20'),(1354,344,310,118,'90'),(1355,344,176,1,'6 cl'),(1356,344,177,1,'Garnish with'),(1357,345,179,127,'5'),(1358,345,1,127,'1 1/2'),(1359,345,270,122,'1/4'),(1360,346,258,127,'1'),(1361,346,262,127,'1'),(1362,346,235,127,'1'),(1363,347,316,127,'1 1/2'),(1364,347,178,127,'4'),(1365,347,179,127,'1'),(1366,348,260,127,'1 1/2'),(1367,348,282,1,'Juice of 1/2 '),(1368,348,272,122,'1/2'),(1369,348,322,116,'1/2'),(1370,348,273,1,'1 '),(1371,349,316,127,'2'),(1372,349,262,1,''),(1373,350,182,89,'1 1/2'),(1374,350,275,122,'2'),(1375,350,272,122,'1'),(1376,350,183,90,'1'),(1377,350,248,1,''),(1378,351,180,121,'2'),(1379,351,184,1,''),(1380,352,236,127,'1 1/2'),(1381,352,181,127,'1 1/2'),(1382,353,302,87,'1'),(1383,353,212,88,'3'),(1384,353,316,120,'1 1/2'),(1385,354,182,89,'2'),(1386,354,272,122,'1'),(1387,354,183,90,'1'),(1388,354,184,1,''),(1389,354,248,1,''),(1390,355,184,95,'2'),(1391,355,185,1,'1 '),(1392,355,186,119,'1'),(1393,356,265,91,'2'),(1394,356,227,120,'1'),(1395,356,212,92,'2'),(1396,356,286,120,'1'),(1397,356,263,1,' wedges'),(1398,356,282,1,' wedges'),(1399,356,322,1,''),(1400,356,187,1,''),(1401,357,316,128,'2'),(1402,357,188,128,'2'),(1403,357,309,1,''),(1404,357,262,1,''),(1405,358,307,93,'1'),(1406,358,189,125,'1'),(1407,358,291,125,'1'),(1408,358,262,1,''),(1409,358,309,1,''),(1410,358,190,1,''),(1411,359,260,127,'1 1/2'),(1412,359,261,113,'1'),(1413,359,262,127,'1'),(1414,360,212,120,'1'),(1415,360,191,120,'3/4-1'),(1416,360,226,122,'4'),(1417,360,324,120,'1'),(1418,360,192,122,'4'),(1419,361,231,1,'2 oz'),(1420,361,238,1,'1 oz'),(1421,361,214,127,'1/2'),(1422,362,193,125,'1'),(1423,362,267,125,'1'),(1424,362,194,125,'1/2'),(1425,362,195,1,'Top'),(1426,362,310,1,'Top'),(1427,363,196,127,'1'),(1428,363,323,127,'3/4'),(1429,363,291,108,'1'),(1430,364,1,127,'2'),(1431,364,320,127,'1'),(1432,364,227,94,'1'),(1433,364,197,127,'3'),(1434,364,198,1,'1 '),(1435,364,263,1,'1 '),(1436,365,199,95,'2'),(1437,365,320,119,'1-2'),(1438,365,200,109,'1'),(1439,366,226,96,'6'),(1440,366,201,122,'1/4'),(1441,366,229,97,'4-5'),(1442,366,227,1,''),(1443,366,202,1,''),(1444,366,321,1,''),(1445,367,203,127,'1/2'),(1446,367,204,127,'1/2'),(1447,367,323,127,'1/2'),(1448,367,307,98,'1/2'),(1449,367,228,127,'1'),(1450,368,279,127,'2'),(1451,368,320,119,'1'),(1452,368,309,127,'3/4'),(1453,368,239,1,'1 '),(1454,368,205,1,''),(1455,369,279,127,'2'),(1456,369,322,1,'Juice of 1/2 '),(1457,369,272,122,'1'),(1458,369,322,116,'1/2'),(1459,369,273,1,'1 '),(1460,370,206,99,'3'),(1461,370,226,107,'1'),(1462,371,226,127,'8'),(1463,371,207,127,'4'),(1464,371,323,127,'4'),(1465,371,208,1,''),(1466,372,254,127,'1'),(1467,372,1,127,'1'),(1468,372,221,122,'1/4'),(1469,372,209,112,'2'),(1470,372,210,1,'Twist of '),(1471,373,211,100,'1/4'),(1472,373,212,101,'1/2'),(1473,373,213,102,'2'),(1474,373,321,1,'cubes'),(1475,373,219,1,'garnish'),(1476,374,214,1,'1 oz'),(1477,374,215,1,'1 oz'),(1478,374,310,1,'1 oz'),(1479,375,1,118,'50'),(1480,375,216,118,'15'),(1481,375,217,118,'15'),(1482,375,250,118,'75'),(1483,375,282,103,'2'),(1484,375,218,116,'1'),(1485,375,219,104,'1'),(1486,376,254,127,'1 1/2'),(1487,376,1,127,'1 1/2'),(1488,376,220,122,'1/4'),(1489,376,221,122,'1/4'),(1490,376,259,112,'2'),(1491,376,273,1,'1 '),(1492,377,279,105,'2'),(1493,377,262,1,''),(1494,377,309,1,''),(1495,378,279,125,'1'),(1496,378,222,107,'1'),(1497,379,1,125,'1'),(1498,379,223,125,'1'),(1499,379,224,109,'1'),(1500,379,264,109,'1'),(1501,379,225,1,'Top'),(1502,380,226,1,'black'),(1503,380,227,1,''),(1504,380,228,1,' pods'),(1505,380,229,1,''),(1506,381,279,1,'full glass '),(1507,381,230,106,'about 8'),(1508,382,231,118,'50'),(1509,382,323,118,'50'),(1510,382,232,1,'4 oz'),(1511,383,233,107,'1'),(1512,383,241,107,'1/2'),(1513,383,234,107,'1'),(1514,383,235,108,'1'),(1515,384,1,127,'1 1/2'),(1516,384,238,127,'1/2'),(1517,384,236,127,'1/2'),(1518,385,1,1,'6 cl'),(1519,385,316,128,'1.5'),(1520,385,237,128,'0.75'),(1521,386,244,127,'1'),(1522,386,238,127,'1/2'),(1523,386,322,1,'Juice of 1/2 '),(1524,386,272,122,'1'),(1525,386,239,1,'1 '),(1526,387,240,127,'2'),(1527,387,241,127,'1/2'),(1528,388,279,1,'6 cl'),(1529,388,242,1,'3 cl'),(1530,388,268,1,'3 cl'),(1531,388,310,128,'1.5'),(1532,388,243,109,'1'),(1533,388,270,110,'1'),(1534,389,244,127,'3'),(1535,389,245,127,'1'),(1536,389,320,127,'1'),(1537,390,316,127,'2'),(1538,390,246,127,'2'),(1539,390,247,127,'2'),(1540,390,321,1,''),(1541,390,248,1,''),(1542,391,249,120,'1'),(1543,391,310,125,'1/2'),(1544,391,316,125,'1 1/2'),(1545,392,316,1,'5 cl'),(1546,392,264,1,'7 cl'),(1547,392,251,116,'1'),(1548,392,321,1,'cubes'),(1549,393,316,1,'4 cl'),(1550,393,250,128,'10'),(1551,393,251,116,'1'),(1552,394,316,127,'1 1/2'),(1553,394,254,127,'3/4'),(1554,394,252,1,'1 '),(1555,395,316,127,'2'),(1556,395,253,1,''),(1557,396,254,127,'1 1/2'),(1558,396,305,127,'3/4'),(1559,396,255,1,''),(1560,397,316,127,'1 1/2'),(1561,397,320,127,'3'),(1562,397,256,111,'3'),(1563,397,272,122,'1'),(1564,397,263,116,'1'),(1565,398,316,127,'2'),(1566,398,257,1,''),(1567,399,258,127,'1 1/2'),(1568,399,262,119,'1'),(1569,399,259,112,'2'),(1570,400,260,127,'1 1/2'),(1571,400,261,113,'1'),(1572,401,265,114,'1'),(1573,401,322,1,'2 '),(1574,401,262,120,'1'),(1575,401,263,1,'3 '),(1576,401,291,120,'1'),(1577,402,1,1,'4cl'),(1578,402,294,1,'3cl'),(1579,402,264,1,'2cl'),(1580,403,265,115,'2'),(1581,403,266,127,'5'),(1582,403,321,1,'cubes'),(1583,404,279,127,'1 2/3'),(1584,404,267,127,'1/4'),(1585,404,310,127,'3/4'),(1586,404,268,127,'1/2'),(1587,404,269,127,'1/2'),(1588,404,270,1,'Dash'),(1589,405,271,127,'2'),(1590,405,322,1,'Juice of 1/2 '),(1591,405,272,122,'1/2'),(1592,405,273,1,'1 '),(1593,405,322,116,'1/2'),(1594,406,316,127,'2'),(1595,406,274,127,'1'),(1596,406,275,1,''),(1597,407,279,121,'2'),(1598,407,276,1,'Top'),(1599,407,310,1,'Juice of 1'),(1600,407,277,122,'1'),(1601,407,278,1,'Dash'),(1602,408,321,120,'1'),(1603,408,279,127,'2'),(1604,408,280,120,'1/4'),(1605,408,281,117,'3'),(1606,409,282,1,'1'),(1607,409,283,1,'1'),(1608,409,284,118,'750'),(1609,409,285,120,'1'),(1610,409,286,120,'1'),(1611,409,287,121,'3'),(1612,409,288,1,'Top'),(1613,410,289,127,'3/4'),(1614,410,1,127,'3/4'),(1615,410,291,119,'1'),(1616,411,292,1,'3 cl'),(1617,411,293,128,'1.5'),(1618,411,294,128,'1.5'),(1619,411,310,128,'1.5'),(1620,412,295,120,'1'),(1621,412,296,120,'1'),(1622,412,321,1,''),(1623,413,312,128,'2'),(1624,413,297,128,'2'),(1625,413,298,128,'2'),(1626,414,299,121,'4'),(1627,414,300,121,'4'),(1628,415,301,1,''),(1629,415,315,1,''),(1630,415,302,1,''),(1631,415,303,1,' slice'),(1632,415,304,1,''),(1633,415,305,1,''),(1634,415,322,1,''),(1635,416,324,127,'1 1/2'),(1636,416,306,127,'1 1/2'),(1637,416,307,1,'1 oz'),(1638,416,308,122,'1'),(1639,416,309,122,'1'),(1640,416,310,122,'1'),(1641,416,311,123,'1'),(1642,417,312,127,'1 1/2'),(1643,417,315,127,'add 10'),(1644,417,321,1,'cubes'),(1645,418,316,124,'1 1/4'),(1646,418,313,127,'1/4'),(1647,419,314,127,'1/2'),(1648,419,315,127,'1/2'),(1649,420,318,125,'1'),(1650,420,316,125,'1'),(1651,420,317,1,'Fill with '),(1652,421,327,127,'12'),(1653,421,318,127,'3'),(1654,422,319,128,'5'),(1655,422,320,128,'2'),(1656,422,321,1,'cubes'),(1657,422,322,1,' or lime'),(1658,423,323,127,'2'),(1659,423,324,127,'2'),(1660,423,325,126,'4'),(1661,424,326,127,'1.5'),(1662,424,327,127,'12'),(1663,425,328,128,'4'),(1664,425,329,128,'16');
/*!40000 ALTER TABLE `tbl_recipes_ingredients` ENABLE KEYS */;
UNLOCK TABLES;

--
-- Table structure for table `tbl_units`
--

DROP TABLE IF EXISTS `tbl_units`;
/*!40101 SET @saved_cs_client     = @@character_set_client */;
/*!40101 SET character_set_client = utf8 */;
CREATE TABLE `tbl_units` (
  `uni_id` int(11) NOT NULL AUTO_INCREMENT,
  `uni_name` varchar(45) NOT NULL,
  PRIMARY KEY (`uni_id`),
  UNIQUE KEY `uni_name` (`uni_name`)
) ENGINE=InnoDB AUTO_INCREMENT=256 DEFAULT CHARSET=utf8mb4;
/*!40101 SET character_set_client = @saved_cs_client */;

--
-- Dumping data for table `tbl_units`
--

LOCK TABLES `tbl_units` WRITE;
/*!40000 ALTER TABLE `tbl_units` DISABLE KEYS */;
INSERT INTO `tbl_units` VALUES (114,'bottle'),(91,'bottles'),(87,'can'),(26,'can frozen'),(36,'can sweetened'),(88,'cans'),(60,'chunk dried'),(28,'chunks'),(128,'cl'),(2,'cl hot'),(61,'crushed'),(70,'cube'),(120,'cup'),(21,'cup black'),(101,'cup boiling'),(55,'cup cold'),(76,'cup crushed'),(23,'cup fruit'),(47,'cup hot'),(53,'cup iced'),(35,'cup instant'),(54,'cup plain'),(19,'cup skimmed'),(100,'cup thai'),(95,'cups'),(32,'cups boiling'),(52,'cups cold'),(92,'cups hot'),(5,'cups white'),(109,'dash'),(112,'dashes'),(8,'dl'),(48,'dl schweppes'),(123,'drop'),(106,'drops'),(33,'fifth'),(3,'fifth smirnoff red label'),(65,'fresh'),(11,'fresh leaves'),(77,'gal'),(42,'glass'),(44,'glass cold'),(43,'glass strong black'),(27,'gr'),(63,'handful'),(80,'inch'),(38,'jigger'),(37,'jiggers'),(79,'l'),(64,'l jamaican'),(104,'large sprig'),(51,'lb'),(29,'long strip'),(105,'measures'),(118,'ml'),(82,'ml frozen'),(1,'Null'),(59,'or 3'),(127,'oz'),(98,'oz bacardi'),(58,'oz blended'),(22,'oz chilled'),(72,'oz chopped bittersweet or semi-sweet'),(86,'oz cold'),(89,'oz cream'),(67,'oz double'),(34,'oz fine'),(16,'oz finely chopped dark'),(75,'oz frozen'),(126,'oz grape'),(113,'oz green ginger'),(66,'oz hazlenut'),(30,'oz hot'),(31,'oz instant'),(45,'oz light'),(83,'oz light or dark'),(6,'oz muscatel'),(9,'oz pure'),(18,'oz skimmed'),(124,'oz stoli'),(68,'oz sweetened'),(111,'oz unsweetened'),(78,'oz white'),(115,'oz white or'),(17,'oz whole'),(69,'package'),(40,'packages'),(107,'part'),(99,'parts'),(62,'piece'),(24,'piece textural'),(50,'pieces'),(110,'pinch'),(39,'pinches'),(12,'pint'),(20,'qt'),(71,'scoops'),(125,'shot'),(93,'shot bacardi'),(41,'shot jamaican'),(121,'shots'),(116,'slice'),(4,'small bottle'),(108,'splash'),(84,'splashes'),(25,'sprig'),(14,'sprigs'),(15,'stick'),(119,'tblsp'),(117,'tblsp fresh'),(10,'tblsp green'),(96,'tblsp ground'),(7,'tblsp instant'),(13,'tbsp'),(122,'tsp'),(57,'tsp dried'),(81,'tsp grated'),(74,'tsp ground'),(56,'tsp ground roasted'),(73,'tsp instant'),(94,'tsp superfine'),(102,'tsp sweetened'),(46,'tsp tropical'),(85,'twist of'),(49,'wedge'),(103,'wedges'),(90,'whole'),(97,'whole green');
/*!40000 ALTER TABLE `tbl_units` ENABLE KEYS */;
UNLOCK TABLES;

--
-- Table structure for table `tbl_users`
--

DROP TABLE IF EXISTS `tbl_users`;
/*!40101 SET @saved_cs_client     = @@character_set_client */;
/*!40101 SET character_set_client = utf8 */;
CREATE TABLE `tbl_users` (
  `usr_id` int(11) NOT NULL AUTO_INCREMENT,
  `usr_name` varchar(45) NOT NULL,
  `usr_password` varchar(255) NOT NULL,
  PRIMARY KEY (`usr_id`),
  UNIQUE KEY `usr_name` (`usr_name`)
) ENGINE=InnoDB AUTO_INCREMENT=4 DEFAULT CHARSET=utf8mb4;
/*!40101 SET character_set_client = @saved_cs_client */;

--
-- Dumping data for table `tbl_users`
--

LOCK TABLES `tbl_users` WRITE;
/*!40000 ALTER TABLE `tbl_users` DISABLE KEYS */;
INSERT INTO `tbl_users` VALUES (1,'admin','$2y$10$2KJJLjnNFV.kVHWnGzBTiuEzYbBYY5eEkHotkxgNfvYQqg0Z4MUFG'),(2,'MaxMustermann','$2y$10$hTqvVqiXgjqGflEnIZV83.Wldh1x6MFc1wpptaKtibZ9XI4Vx162u');
/*!40000 ALTER TABLE `tbl_users` ENABLE KEYS */;
UNLOCK TABLES;
/*!40103 SET TIME_ZONE=@OLD_TIME_ZONE */;

/*!40101 SET SQL_MODE=@OLD_SQL_MODE */;
/*!40014 SET FOREIGN_KEY_CHECKS=@OLD_FOREIGN_KEY_CHECKS */;
/*!40014 SET UNIQUE_CHECKS=@OLD_UNIQUE_CHECKS */;
/*!40101 SET CHARACTER_SET_CLIENT=@OLD_CHARACTER_SET_CLIENT */;
/*!40101 SET CHARACTER_SET_RESULTS=@OLD_CHARACTER_SET_RESULTS */;
/*!40101 SET COLLATION_CONNECTION=@OLD_COLLATION_CONNECTION */;
/*!40111 SET SQL_NOTES=@OLD_SQL_NOTES */;

-- Dump completed on 2022-02-16  9:08:36
